Time;Price;;
01.01.16 00:00;22
01.01.16 01:00;20
01.01.16 02:00;16
01.01.16 03:00;17
01.01.16 04:00;17
01.01.16 05:00;15
01.01.16 06:00;18
01.01.16 07:00;17
01.01.16 08:00;19
01.01.16 09:00;23
01.01.16 10:00;26
01.01.16 11:00;27
01.01.16 12:00;26
01.01.16 13:00;25;;
01.01.16 14:00;24
01.01.16 15:00;28
01.01.16 16:00;37
01.01.16 17:00;37
01.01.16 18:00;35
01.01.16 19:00;33
01.01.16 20:00;29
01.01.16 21:00;30
01.01.16 22:00;24
01.01.16 23:00;22
02.01.16 00:00;16
02.01.16 01:00;15
02.01.16 02:00;12
02.01.16 03:00;11
02.01.16 04:00;11
02.01.16 05:00;12
02.01.16 06:00;13
02.01.16 07:00;16
02.01.16 08:00;18
02.01.16 09:00;19
02.01.16 10:00;21
02.01.16 11:00;22
02.01.16 12:00;19
02.01.16 13:00;16
02.01.16 14:00;16
02.01.16 15:00;19
02.01.16 16:00;28
02.01.16 17:00;28
02.01.16 18:00;26
02.01.16 19:00;17
02.01.16 20:00;15
02.01.16 21:00;16
02.01.16 22:00;15
02.01.16 23:00;6
03.01.16 00:00;-0
03.01.16 01:00;0
03.01.16 02:00;4
03.01.16 03:00;4
03.01.16 04:00;6
03.01.16 05:00;0
03.01.16 06:00;4
03.01.16 07:00;9
03.01.16 08:00;15
03.01.16 09:00;17
03.01.16 10:00;19
03.01.16 11:00;20
03.01.16 12:00;17
03.01.16 13:00;18
03.01.16 14:00;16
03.01.16 15:00;18
03.01.16 16:00;22
03.01.16 17:00;26
03.01.16 18:00;27
03.01.16 19:00;25
03.01.16 20:00;22
03.01.16 21:00;20
03.01.16 22:00;14
03.01.16 23:00;13
04.01.16 00:00;12
04.01.16 01:00;10
04.01.16 02:00;3
04.01.16 03:00;3
04.01.16 04:00;8
04.01.16 05:00;18
04.01.16 06:00;28
04.01.16 07:00;34
04.01.16 08:00;33
04.01.16 09:00;33
04.01.16 10:00;35
04.01.16 11:00;35;;
04.01.16 12:00;35;;
04.01.16 13:00;34
04.01.16 14:00;34
04.01.16 15:00;38;;
04.01.16 16:00;41
04.01.16 17:00;42
04.01.16 18:00;41
04.01.16 19:00;34
04.01.16 20:00;30
04.01.16 21:00;30;;
04.01.16 22:00;23
04.01.16 23:00;25
05.01.16 00:00;24
05.01.16 01:00;22
05.01.16 02:00;21
05.01.16 03:00;20;;
05.01.16 04:00;23
05.01.16 05:00;28
05.01.16 06:00;38
05.01.16 07:00;41
05.01.16 08:00;40
05.01.16 09:00;40
05.01.16 10:00;40
05.01.16 11:00;38
05.01.16 12:00;36
05.01.16 13:00;34
05.01.16 14:00;33
05.01.16 15:00;35
05.01.16 16:00;42
05.01.16 17:00;42
05.01.16 18:00;41
05.01.16 19:00;36
05.01.16 20:00;33
05.01.16 21:00;31
05.01.16 22:00;26
05.01.16 23:00;26
06.01.16 00:00;25
06.01.16 01:00;24
06.01.16 02:00;22
06.01.16 03:00;23
06.01.16 04:00;24
06.01.16 05:00;26
06.01.16 06:00;28
06.01.16 07:00;29
06.01.16 08:00;32
06.01.16 09:00;37
06.01.16 10:00;40
06.01.16 11:00;40
06.01.16 12:00;38
06.01.16 13:00;35
06.01.16 14:00;36
06.01.16 15:00;41
06.01.16 16:00;44
06.01.16 17:00;46
06.01.16 18:00;43
06.01.16 19:00;39
06.01.16 20:00;32
06.01.16 21:00;33
06.01.16 22:00;30
06.01.16 23:00;26
07.01.16 00:00;26
07.01.16 01:00;24
07.01.16 02:00;22
07.01.16 03:00;22
07.01.16 04:00;24
07.01.16 05:00;31;;
07.01.16 06:00;42
07.01.16 07:00;42
07.01.16 08:00;41
07.01.16 09:00;41
07.01.16 10:00;41
07.01.16 11:00;40
07.01.16 12:00;40
07.01.16 13:00;36
07.01.16 14:00;33
07.01.16 15:00;34
07.01.16 16:00;40
07.01.16 17:00;40
07.01.16 18:00;37
07.01.16 19:00;31
07.01.16 20:00;27
07.01.16 21:00;27
07.01.16 22:00;23
07.01.16 23:00;12
08.01.16 00:00;17
08.01.16 01:00;13
08.01.16 02:00;12
08.01.16 03:00;12
08.01.16 04:00;16
08.01.16 05:00;22
08.01.16 06:00;28
08.01.16 07:00;29
08.01.16 08:00;26
08.01.16 09:00;25
08.01.16 10:00;25
08.01.16 11:00;25
08.01.16 12:00;25
08.01.16 13:00;27
08.01.16 14:00;32
08.01.16 15:00;37
08.01.16 16:00;45;;
08.01.16 17:00;46
08.01.16 18:00;40
08.01.16 19:00;34
08.01.16 20:00;31
08.01.16 21:00;32
08.01.16 22:00;26
08.01.16 23:00;26
09.01.16 00:00;25
09.01.16 01:00;24
09.01.16 02:00;23
09.01.16 03:00;21
09.01.16 04:00;22
09.01.16 05:00;23
09.01.16 06:00;25;;
09.01.16 07:00;32
09.01.16 08:00;37
09.01.16 09:00;36
09.01.16 10:00;35
09.01.16 11:00;34
09.01.16 12:00;31
09.01.16 13:00;27
09.01.16 14:00;27;;
09.01.16 15:00;30
09.01.16 16:00;36
09.01.16 17:00;36
09.01.16 18:00;35;;
09.01.16 19:00;29;;
09.01.16 20:00;25
09.01.16 21:00;25
09.01.16 22:00;22
09.01.16 23:00;15
10.01.16 00:00;19
10.01.16 01:00;16
10.01.16 02:00;12
10.01.16 03:00;10
10.01.16 04:00;10
10.01.16 05:00;9
10.01.16 06:00;11
10.01.16 07:00;15
10.01.16 08:00;18
10.01.16 09:00;19
10.01.16 10:00;21
10.01.16 11:00;21
10.01.16 12:00;20
10.01.16 13:00;20
10.01.16 14:00;21
10.01.16 15:00;23
10.01.16 16:00;27
10.01.16 17:00;35;;
10.01.16 18:00;33;;
10.01.16 19:00;30
10.01.16 20:00;26
10.01.16 21:00;26
10.01.16 22:00;23
10.01.16 23:00;21
11.01.16 00:00;20
11.01.16 01:00;19
11.01.16 02:00;19
11.01.16 03:00;19
11.01.16 04:00;21
11.01.16 05:00;28
11.01.16 06:00;41
11.01.16 07:00;45
11.01.16 08:00;44;;
11.01.16 09:00;41
11.01.16 10:00;41
11.01.16 11:00;42
11.01.16 12:00;42
11.01.16 13:00;39
11.01.16 14:00;37
11.01.16 15:00;37
11.01.16 16:00;44
11.01.16 17:00;42
11.01.16 18:00;40;;
11.01.16 19:00;33
11.01.16 20:00;27
11.01.16 21:00;28;;
11.01.16 22:00;24
11.01.16 23:00;21
12.01.16 00:00;19
12.01.16 01:00;19
12.01.16 02:00;15
12.01.16 03:00;15
12.01.16 04:00;20
12.01.16 05:00;24
12.01.16 06:00;35
12.01.16 07:00;40
12.01.16 08:00;41;;
12.01.16 09:00;38
12.01.16 10:00;36
12.01.16 11:00;35;;
12.01.16 12:00;33
12.01.16 13:00;32
12.01.16 14:00;33;;
12.01.16 15:00;36
12.01.16 16:00;41
12.01.16 17:00;40
12.01.16 18:00;29
12.01.16 19:00;26
12.01.16 20:00;24
12.01.16 21:00;24
12.01.16 22:00;21
12.01.16 23:00;21;;
13.01.16 00:00;19
13.01.16 01:00;18
13.01.16 02:00;15
13.01.16 03:00;18
13.01.16 04:00;20
13.01.16 05:00;24
13.01.16 06:00;27
13.01.16 07:00;29
13.01.16 08:00;30
13.01.16 09:00;31
13.01.16 10:00;33
13.01.16 11:00;33
13.01.16 12:00;34
13.01.16 13:00;34
13.01.16 14:00;37
13.01.16 15:00;39
13.01.16 16:00;43;;
13.01.16 17:00;42
13.01.16 18:00;38
13.01.16 19:00;29
13.01.16 20:00;26
13.01.16 21:00;25
13.01.16 22:00;23
13.01.16 23:00;24
14.01.16 00:00;23
14.01.16 01:00;22
14.01.16 02:00;22
14.01.16 03:00;22
14.01.16 04:00;23
14.01.16 05:00;29
14.01.16 06:00;44
14.01.16 07:00;44
14.01.16 08:00;41
14.01.16 09:00;34
14.01.16 10:00;33
14.01.16 11:00;31
14.01.16 12:00;33
14.01.16 13:00;39
14.01.16 14:00;42
14.01.16 15:00;42
14.01.16 16:00;45
14.01.16 17:00;41
14.01.16 18:00;40
14.01.16 19:00;38
14.01.16 20:00;30
14.01.16 21:00;28
14.01.16 22:00;25
14.01.16 23:00;24
15.01.16 00:00;25
15.01.16 01:00;24
15.01.16 02:00;23
15.01.16 03:00;22
15.01.16 04:00;23
15.01.16 05:00;26
15.01.16 06:00;40
15.01.16 07:00;45
15.01.16 08:00;45
15.01.16 09:00;45
15.01.16 10:00;46
15.01.16 11:00;44;;
15.01.16 12:00;42
15.01.16 13:00;39
15.01.16 14:00;37
15.01.16 15:00;38;;
15.01.16 16:00;45
15.01.16 17:00;48
15.01.16 18:00;44
15.01.16 19:00;34
15.01.16 20:00;29
15.01.16 21:00;27
15.01.16 22:00;25
15.01.16 23:00;27
16.01.16 00:00;26
16.01.16 01:00;25
16.01.16 02:00;24
16.01.16 03:00;24
16.01.16 04:00;25
16.01.16 05:00;24
16.01.16 06:00;25
16.01.16 07:00;27
16.01.16 08:00;32
16.01.16 09:00;34
16.01.16 10:00;33
16.01.16 11:00;29
16.01.16 12:00;26
16.01.16 13:00;25
16.01.16 14:00;25
16.01.16 15:00;30
16.01.16 16:00;39
16.01.16 17:00;40
16.01.16 18:00;30
16.01.16 19:00;26
16.01.16 20:00;25
16.01.16 21:00;25
16.01.16 22:00;24
16.01.16 23:00;20
17.01.16 00:00;20
17.01.16 01:00;20
17.01.16 02:00;20
17.01.16 03:00;20
17.01.16 04:00;20
17.01.16 05:00;19
17.01.16 06:00;22
17.01.16 07:00;23
17.01.16 08:00;26
17.01.16 09:00;30
17.01.16 10:00;36
17.01.16 11:00;32
17.01.16 12:00;26
17.01.16 13:00;26
17.01.16 14:00;27
17.01.16 15:00;31
17.01.16 16:00;39
17.01.16 17:00;42
17.01.16 18:00;39
17.01.16 19:00;33
17.01.16 20:00;27
17.01.16 21:00;27
17.01.16 22:00;24
17.01.16 23:00;23
18.01.16 00:00;23
18.01.16 01:00;23
18.01.16 02:00;23
18.01.16 03:00;23
18.01.16 04:00;24
18.01.16 05:00;27
18.01.16 06:00;46
18.01.16 07:00;49
18.01.16 08:00;50
18.01.16 09:00;49
18.01.16 10:00;48
18.01.16 11:00;46
18.01.16 12:00;46
18.01.16 13:00;45
18.01.16 14:00;49
18.01.16 15:00;49
18.01.16 16:00;62
18.01.16 17:00;56
18.01.16 18:00;47
18.01.16 19:00;35
18.01.16 20:00;26
18.01.16 21:00;26
18.01.16 22:00;25
18.01.16 23:00;31
19.01.16 00:00;32
19.01.16 01:00;28
19.01.16 02:00;30
19.01.16 03:00;30
19.01.16 04:00;27
19.01.16 05:00;31
19.01.16 06:00;54
19.01.16 07:00;64
19.01.16 08:00;65
19.01.16 09:00;61
19.01.16 10:00;61
19.01.16 11:00;58
19.01.16 12:00;58
19.01.16 13:00;55
19.01.16 14:00;55
19.01.16 15:00;56
19.01.16 16:00;70
19.01.16 17:00;74
19.01.16 18:00;57
19.01.16 19:00;48
19.01.16 20:00;37
19.01.16 21:00;33
19.01.16 22:00;29
19.01.16 23:00;26
20.01.16 00:00;26
20.01.16 01:00;26
20.01.16 02:00;25
20.01.16 03:00;25
20.01.16 04:00;26
20.01.16 05:00;32
20.01.16 06:00;55
20.01.16 07:00;61
20.01.16 08:00;58
20.01.16 09:00;58
20.01.16 10:00;56
20.01.16 11:00;58
20.01.16 12:00;57
20.01.16 13:00;54
20.01.16 14:00;52
20.01.16 15:00;72
20.01.16 16:00;92
20.01.16 17:00;79
20.01.16 18:00;70
20.01.16 19:00;50
20.01.16 20:00;40
20.01.16 21:00;33
20.01.16 22:00;29
20.01.16 23:00;29
21.01.16 00:00;27
21.01.16 01:00;26
21.01.16 02:00;26
21.01.16 03:00;27
21.01.16 04:00;29
21.01.16 05:00;40
21.01.16 06:00;70
21.01.16 07:00;85
21.01.16 08:00;83
21.01.16 09:00;74
21.01.16 10:00;70
21.01.16 11:00;59
21.01.16 12:00;57
21.01.16 13:00;57
21.01.16 14:00;61
21.01.16 15:00;57
21.01.16 16:00;77
21.01.16 17:00;86
21.01.16 18:00;60
21.01.16 19:00;50
21.01.16 20:00;35
21.01.16 21:00;30
21.01.16 22:00;26
21.01.16 23:00;28
22.01.16 00:00;27
22.01.16 01:00;26
22.01.16 02:00;26
22.01.16 03:00;27
22.01.16 04:00;28
22.01.16 05:00;30
22.01.16 06:00;48
22.01.16 07:00;52
22.01.16 08:00;48
22.01.16 09:00;45
22.01.16 10:00;44
22.01.16 11:00;42
22.01.16 12:00;37
22.01.16 13:00;32
22.01.16 14:00;32
22.01.16 15:00;32
22.01.16 16:00;34
22.01.16 17:00;28
22.01.16 18:00;26
22.01.16 19:00;25
22.01.16 20:00;24
22.01.16 21:00;24
22.01.16 22:00;22
22.01.16 23:00;24
23.01.16 00:00;24
23.01.16 01:00;23
23.01.16 02:00;22
23.01.16 03:00;22
23.01.16 04:00;22
23.01.16 05:00;21
23.01.16 06:00;23
23.01.16 07:00;24
23.01.16 08:00;28
23.01.16 09:00;31
23.01.16 10:00;34
23.01.16 11:00;34
23.01.16 12:00;30
23.01.16 13:00;28
23.01.16 14:00;29
23.01.16 15:00;29
23.01.16 16:00;36
23.01.16 17:00;42
23.01.16 18:00;35
23.01.16 19:00;28
23.01.16 20:00;25
23.01.16 21:00;26
23.01.16 22:00;27
23.01.16 23:00;24
24.01.16 00:00;23
24.01.16 01:00;24
24.01.16 02:00;23
24.01.16 03:00;22
24.01.16 04:00;23
24.01.16 05:00;21
24.01.16 06:00;21
24.01.16 07:00;22
24.01.16 08:00;24
24.01.16 09:00;27
24.01.16 10:00;32
24.01.16 11:00;28
24.01.16 12:00;26
24.01.16 13:00;24
24.01.16 14:00;23
24.01.16 15:00;25
24.01.16 16:00;32
24.01.16 17:00;36
24.01.16 18:00;35
24.01.16 19:00;31
24.01.16 20:00;26;;
24.01.16 21:00;27
24.01.16 22:00;22
24.01.16 23:00;20
25.01.16 00:00;19
25.01.16 01:00;19
25.01.16 02:00;19
25.01.16 03:00;20
25.01.16 04:00;21
25.01.16 05:00;25
25.01.16 06:00;34
25.01.16 07:00;35;;
25.01.16 08:00;36
25.01.16 09:00;36
25.01.16 10:00;35
25.01.16 11:00;34
25.01.16 12:00;32
25.01.16 13:00;30
25.01.16 14:00;29
25.01.16 15:00;31
25.01.16 16:00;34
25.01.16 17:00;36
25.01.16 18:00;31
25.01.16 19:00;26
25.01.16 20:00;25
25.01.16 21:00;23
25.01.16 22:00;18
25.01.16 23:00;20
26.01.16 00:00;18
26.01.16 01:00;15
26.01.16 02:00;15
26.01.16 03:00;17
26.01.16 04:00;21
26.01.16 05:00;27
26.01.16 06:00;34
26.01.16 07:00;38
26.01.16 08:00;32
26.01.16 09:00;29
26.01.16 10:00;29
26.01.16 11:00;28
26.01.16 12:00;29
26.01.16 13:00;27
26.01.16 14:00;30
26.01.16 15:00;30
26.01.16 16:00;32
26.01.16 17:00;29
26.01.16 18:00;24
26.01.16 19:00;23
26.01.16 20:00;21
26.01.16 21:00;20
26.01.16 22:00;13
26.01.16 23:00;10
27.01.16 00:00;3
27.01.16 01:00;0
27.01.16 02:00;0
27.01.16 03:00;8
27.01.16 04:00;13
27.01.16 05:00;17
27.01.16 06:00;22
27.01.16 07:00;23
27.01.16 08:00;28
27.01.16 09:00;29
27.01.16 10:00;25
27.01.16 11:00;24
27.01.16 12:00;22
27.01.16 13:00;20
27.01.16 14:00;23
27.01.16 15:00;23
27.01.16 16:00;28
27.01.16 17:00;30
27.01.16 18:00;29
27.01.16 19:00;21
27.01.16 20:00;19
27.01.16 21:00;16
27.01.16 22:00;13
27.01.16 23:00;14
28.01.16 00:00;12
28.01.16 01:00;12
28.01.16 02:00;12
28.01.16 03:00;13
28.01.16 04:00;17
28.01.16 05:00;23
28.01.16 06:00;28
28.01.16 07:00;30
28.01.16 08:00;29
28.01.16 09:00;29
28.01.16 10:00;25
28.01.16 11:00;24
28.01.16 12:00;25
28.01.16 13:00;26
28.01.16 14:00;31
28.01.16 15:00;33
28.01.16 16:00;39
28.01.16 17:00;46
28.01.16 18:00;36
28.01.16 19:00;32
28.01.16 20:00;27
28.01.16 21:00;26
28.01.16 22:00;20
28.01.16 23:00;21
29.01.16 00:00;19
29.01.16 01:00;19
29.01.16 02:00;18
29.01.16 03:00;15
29.01.16 04:00;18
29.01.16 05:00;26;;
29.01.16 06:00;34
29.01.16 07:00;36
29.01.16 08:00;34
29.01.16 09:00;29
29.01.16 10:00;25
29.01.16 11:00;21
29.01.16 12:00;20
29.01.16 13:00;19
29.01.16 14:00;19
29.01.16 15:00;22
29.01.16 16:00;27
29.01.16 17:00;25
29.01.16 18:00;25
29.01.16 19:00;21
29.01.16 20:00;17
29.01.16 21:00;14
29.01.16 22:00;10
29.01.16 23:00;14
30.01.16 00:00;8
30.01.16 01:00;0
30.01.16 02:00;0;;
30.01.16 03:00;-0
30.01.16 04:00;-0
30.01.16 05:00;-2
30.01.16 06:00;8
30.01.16 07:00;12
30.01.16 08:00;13
30.01.16 09:00;14
30.01.16 10:00;14
30.01.16 11:00;14
30.01.16 12:00;14
30.01.16 13:00;14
30.01.16 14:00;15
30.01.16 15:00;16
30.01.16 16:00;18
30.01.16 17:00;27
30.01.16 18:00;22
30.01.16 19:00;18
30.01.16 20:00;16
30.01.16 21:00;15
30.01.16 22:00;12;;
30.01.16 23:00;8
31.01.16 00:00;3
31.01.16 01:00;5
31.01.16 02:00;0
31.01.16 03:00;-0
31.01.16 04:00;0
31.01.16 05:00;0
31.01.16 06:00;6
31.01.16 07:00;8
31.01.16 08:00;10
31.01.16 09:00;11
31.01.16 10:00;14
31.01.16 11:00;16
31.01.16 12:00;12
31.01.16 13:00;13
31.01.16 14:00;13
31.01.16 15:00;16
31.01.16 16:00;21
31.01.16 17:00;26
31.01.16 18:00;25
31.01.16 19:00;21
31.01.16 20:00;18
31.01.16 21:00;18
31.01.16 22:00;16
31.01.16 23:00;16
01.02.16 00:00;14
01.02.16 01:00;15
01.02.16 02:00;13
01.02.16 03:00;13
01.02.16 04:00;14
01.02.16 05:00;23
01.02.16 06:00;35
01.02.16 07:00;37
01.02.16 08:00;36
01.02.16 09:00;33
01.02.16 10:00;29
01.02.16 11:00;24
01.02.16 12:00;21
01.02.16 13:00;18
01.02.16 14:00;17
01.02.16 15:00;18
01.02.16 16:00;23
01.02.16 17:00;23
01.02.16 18:00;22
01.02.16 19:00;17
01.02.16 20:00;14
01.02.16 21:00;14
01.02.16 22:00;8
01.02.16 23:00;4
02.02.16 00:00;0
02.02.16 01:00;-2
02.02.16 02:00;-1
02.02.16 03:00;0
02.02.16 04:00;9
02.02.16 05:00;15
02.02.16 06:00;22
02.02.16 07:00;22
02.02.16 08:00;22
02.02.16 09:00;22
02.02.16 10:00;22
02.02.16 11:00;22
02.02.16 12:00;22
02.02.16 13:00;22
02.02.16 14:00;23
02.02.16 15:00;23
02.02.16 16:00;28
02.02.16 17:00;29
02.02.16 18:00;24
02.02.16 19:00;22
02.02.16 20:00;17
02.02.16 21:00;14
02.02.16 22:00;9
02.02.16 23:00;13
03.02.16 00:00;11
03.02.16 01:00;8
03.02.16 02:00;6
03.02.16 03:00;9
03.02.16 04:00;13
03.02.16 05:00;21
03.02.16 06:00;33
03.02.16 07:00;35;;
03.02.16 08:00;33
03.02.16 09:00;25
03.02.16 10:00;22
03.02.16 11:00;21
03.02.16 12:00;20
03.02.16 13:00;22
03.02.16 14:00;23
03.02.16 15:00;26
03.02.16 16:00;32
03.02.16 17:00;36
03.02.16 18:00;36
03.02.16 19:00;30
03.02.16 20:00;23
03.02.16 21:00;22
03.02.16 22:00;17
03.02.16 23:00;18
04.02.16 00:00;16
04.02.16 01:00;15
04.02.16 02:00;15
04.02.16 03:00;13
04.02.16 04:00;17
04.02.16 05:00;22
04.02.16 06:00;31
04.02.16 07:00;30
04.02.16 08:00;27
04.02.16 09:00;29
04.02.16 10:00;30
04.02.16 11:00;27
04.02.16 12:00;26
04.02.16 13:00;25
04.02.16 14:00;27
04.02.16 15:00;27
04.02.16 16:00;35;;
04.02.16 17:00;42
04.02.16 18:00;39
04.02.16 19:00;32
04.02.16 20:00;26
04.02.16 21:00;27
04.02.16 22:00;23
04.02.16 23:00;24
05.02.16 00:00;23;;
05.02.16 01:00;22
05.02.16 02:00;20
05.02.16 03:00;21
05.02.16 04:00;21
05.02.16 05:00;25
05.02.16 06:00;33
05.02.16 07:00;37
05.02.16 08:00;35
05.02.16 09:00;36
05.02.16 10:00;35
05.02.16 11:00;34
05.02.16 12:00;31
05.02.16 13:00;27
05.02.16 14:00;25
05.02.16 15:00;24
05.02.16 16:00;29
05.02.16 17:00;33
05.02.16 18:00;28
05.02.16 19:00;25
05.02.16 20:00;23
05.02.16 21:00;24
05.02.16 22:00;22
05.02.16 23:00;18
06.02.16 00:00;15
06.02.16 01:00;16
06.02.16 02:00;14
06.02.16 03:00;13
06.02.16 04:00;13
06.02.16 05:00;15
06.02.16 06:00;16
06.02.16 07:00;18
06.02.16 08:00;19
06.02.16 09:00;17
06.02.16 10:00;16
06.02.16 11:00;16
06.02.16 12:00;15
06.02.16 13:00;13
06.02.16 14:00;15
06.02.16 15:00;17
06.02.16 16:00;19
06.02.16 17:00;23
06.02.16 18:00;21
06.02.16 19:00;16
06.02.16 20:00;12
06.02.16 21:00;15
06.02.16 22:00;11
06.02.16 23:00;5
07.02.16 00:00;5
07.02.16 01:00;5
07.02.16 02:00;3
07.02.16 03:00;0
07.02.16 04:00;0
07.02.16 05:00;-0
07.02.16 06:00;1
07.02.16 07:00;5
07.02.16 08:00;8
07.02.16 09:00;12
07.02.16 10:00;13
07.02.16 11:00;13
07.02.16 12:00;12
07.02.16 13:00;11
07.02.16 14:00;10
07.02.16 15:00;13
07.02.16 16:00;16
07.02.16 17:00;22
07.02.16 18:00;17
07.02.16 19:00;17
07.02.16 20:00;13
07.02.16 21:00;15
07.02.16 22:00;9
07.02.16 23:00;10
08.02.16 00:00;7
08.02.16 01:00;5
08.02.16 02:00;1
08.02.16 03:00;1
08.02.16 04:00;7
08.02.16 05:00;12
08.02.16 06:00;16
08.02.16 07:00;16
08.02.16 08:00;16
08.02.16 09:00;16
08.02.16 10:00;16
08.02.16 11:00;16
08.02.16 12:00;16
08.02.16 13:00;16
08.02.16 14:00;16
08.02.16 15:00;15
08.02.16 16:00;20
08.02.16 17:00;27
08.02.16 18:00;21
08.02.16 19:00;15
08.02.16 20:00;12
08.02.16 21:00;12
08.02.16 22:00;9
08.02.16 23:00;-19
09.02.16 00:00;-12
09.02.16 01:00;-19
09.02.16 02:00;-19
09.02.16 03:00;-5
09.02.16 04:00;2
09.02.16 05:00;16
09.02.16 06:00;19
09.02.16 07:00;23
09.02.16 08:00;20
09.02.16 09:00;23
09.02.16 10:00;24
09.02.16 11:00;27
09.02.16 12:00;28
09.02.16 13:00;27
09.02.16 14:00;26
09.02.16 15:00;27
09.02.16 16:00;31
09.02.16 17:00;39
09.02.16 18:00;34
09.02.16 19:00;28
09.02.16 20:00;23
09.02.16 21:00;20
09.02.16 22:00;15
09.02.16 23:00;13
10.02.16 00:00;13
10.02.16 01:00;13
10.02.16 02:00;13
10.02.16 03:00;14
10.02.16 04:00;16
10.02.16 05:00;22
10.02.16 06:00;30
10.02.16 07:00;32
10.02.16 08:00;32
10.02.16 09:00;30
10.02.16 10:00;29
10.02.16 11:00;25
10.02.16 12:00;27
10.02.16 13:00;27
10.02.16 14:00;27
10.02.16 15:00;28
10.02.16 16:00;32
10.02.16 17:00;36
10.02.16 18:00;29
10.02.16 19:00;23
10.02.16 20:00;21
10.02.16 21:00;21
10.02.16 22:00;18
10.02.16 23:00;17
11.02.16 00:00;17
11.02.16 01:00;16
11.02.16 02:00;16
11.02.16 03:00;17
11.02.16 04:00;18
11.02.16 05:00;20
11.02.16 06:00;30
11.02.16 07:00;25
11.02.16 08:00;22
11.02.16 09:00;21
11.02.16 10:00;24
11.02.16 11:00;23
11.02.16 12:00;23
11.02.16 13:00;21
11.02.16 14:00;30;;
11.02.16 15:00;31
11.02.16 16:00;36;;
11.02.16 17:00;41
11.02.16 18:00;41
11.02.16 19:00;32
11.02.16 20:00;29
11.02.16 21:00;29
11.02.16 22:00;26
11.02.16 23:00;22
12.02.16 00:00;21
12.02.16 01:00;21
12.02.16 02:00;19
12.02.16 03:00;20
12.02.16 04:00;21
12.02.16 05:00;27
12.02.16 06:00;36
12.02.16 07:00;37
12.02.16 08:00;34
12.02.16 09:00;34
12.02.16 10:00;33
12.02.16 11:00;30;;
12.02.16 12:00;26
12.02.16 13:00;25
12.02.16 14:00;25;;
12.02.16 15:00;27
12.02.16 16:00;34
12.02.16 17:00;40
12.02.16 18:00;35
12.02.16 19:00;29
12.02.16 20:00;26
12.02.16 21:00;27
12.02.16 22:00;25
12.02.16 23:00;22
13.02.16 00:00;21
13.02.16 01:00;20
13.02.16 02:00;19
13.02.16 03:00;19
13.02.16 04:00;19
13.02.16 05:00;19
13.02.16 06:00;21
13.02.16 07:00;28
13.02.16 08:00;30
13.02.16 09:00;30
13.02.16 10:00;29
13.02.16 11:00;26
13.02.16 12:00;23
13.02.16 13:00;21
13.02.16 14:00;21
13.02.16 15:00;20
13.02.16 16:00;24
13.02.16 17:00;29
13.02.16 18:00;24
13.02.16 19:00;19
13.02.16 20:00;18
13.02.16 21:00;18
13.02.16 22:00;16
13.02.16 23:00;13
14.02.16 00:00;10
14.02.16 01:00;8
14.02.16 02:00;5
14.02.16 03:00;4
14.02.16 04:00;4
14.02.16 05:00;5
14.02.16 06:00;8
14.02.16 07:00;11
14.02.16 08:00;15
14.02.16 09:00;17
14.02.16 10:00;18
14.02.16 11:00;17
14.02.16 12:00;17
14.02.16 13:00;16
14.02.16 14:00;15
14.02.16 15:00;16
14.02.16 16:00;21
14.02.16 17:00;29
14.02.16 18:00;30
14.02.16 19:00;23
14.02.16 20:00;20
14.02.16 21:00;20
14.02.16 22:00;17
14.02.16 23:00;16
15.02.16 00:00;16;;
15.02.16 01:00;14
15.02.16 02:00;13
15.02.16 03:00;12
15.02.16 04:00;14
15.02.16 05:00;21
15.02.16 06:00;32
15.02.16 07:00;30
15.02.16 08:00;31
15.02.16 09:00;30
15.02.16 10:00;29
15.02.16 11:00;27
15.02.16 12:00;25
15.02.16 13:00;24
15.02.16 14:00;24
15.02.16 15:00;24
15.02.16 16:00;28
15.02.16 17:00;35
15.02.16 18:00;32
15.02.16 19:00;30
15.02.16 20:00;24
15.02.16 21:00;25
15.02.16 22:00;22
15.02.16 23:00;22
16.02.16 00:00;22
16.02.16 01:00;22
16.02.16 02:00;22
16.02.16 03:00;21
16.02.16 04:00;22
16.02.16 05:00;29
16.02.16 06:00;40
16.02.16 07:00;42
16.02.16 08:00;42
16.02.16 09:00;37
16.02.16 10:00;35
16.02.16 11:00;33
16.02.16 12:00;32
16.02.16 13:00;31
16.02.16 14:00;32
16.02.16 15:00;34
16.02.16 16:00;39
16.02.16 17:00;53
16.02.16 18:00;49
16.02.16 19:00;33
16.02.16 20:00;27;;
16.02.16 21:00;24
16.02.16 22:00;21
16.02.16 23:00;18
17.02.16 00:00;18
17.02.16 01:00;18
17.02.16 02:00;18
17.02.16 03:00;19
17.02.16 04:00;19;;
17.02.16 05:00;22
17.02.16 06:00;30
17.02.16 07:00;31
17.02.16 08:00;29
17.02.16 09:00;23
17.02.16 10:00;24
17.02.16 11:00;23
17.02.16 12:00;24
17.02.16 13:00;25
17.02.16 14:00;29
17.02.16 15:00;30
17.02.16 16:00;38
17.02.16 17:00;40
17.02.16 18:00;33
17.02.16 19:00;29
17.02.16 20:00;24
17.02.16 21:00;24
17.02.16 22:00;22
17.02.16 23:00;20
18.02.16 00:00;20
18.02.16 01:00;18
18.02.16 02:00;19
18.02.16 03:00;19
18.02.16 04:00;20
18.02.16 05:00;23
18.02.16 06:00;35
18.02.16 07:00;39
18.02.16 08:00;34
18.02.16 09:00;29
18.02.16 10:00;25
18.02.16 11:00;23
18.02.16 12:00;24
18.02.16 13:00;25
18.02.16 14:00;29
18.02.16 15:00;32;;
18.02.16 16:00;38
18.02.16 17:00;45
18.02.16 18:00;38
18.02.16 19:00;32
18.02.16 20:00;25
18.02.16 21:00;23
18.02.16 22:00;21
18.02.16 23:00;21
19.02.16 00:00;21
19.02.16 01:00;21
19.02.16 02:00;22
19.02.16 03:00;22
19.02.16 04:00;19
19.02.16 05:00;27
19.02.16 06:00;34
19.02.16 07:00;38
19.02.16 08:00;34
19.02.16 09:00;34
19.02.16 10:00;37
19.02.16 11:00;31
19.02.16 12:00;27
19.02.16 13:00;25
19.02.16 14:00;25
19.02.16 15:00;24
19.02.16 16:00;30
19.02.16 17:00;34
19.02.16 18:00;27
19.02.16 19:00;23
19.02.16 20:00;24
19.02.16 21:00;23
19.02.16 22:00;18
19.02.16 23:00;18
20.02.16 00:00;16
20.02.16 01:00;11
20.02.16 02:00;9
20.02.16 03:00;9
20.02.16 04:00;5
20.02.16 05:00;5
20.02.16 06:00;9
20.02.16 07:00;8
20.02.16 08:00;13
20.02.16 09:00;16
20.02.16 10:00;17;;
20.02.16 11:00;16
20.02.16 12:00;15
20.02.16 13:00;15
20.02.16 14:00;16
20.02.16 15:00;16
20.02.16 16:00;18
20.02.16 17:00;24
20.02.16 18:00;23
20.02.16 19:00;18
20.02.16 20:00;13
20.02.16 21:00;11
20.02.16 22:00;7
20.02.16 23:00;9
21.02.16 00:00;6
21.02.16 01:00;5
21.02.16 02:00;3
21.02.16 03:00;0
21.02.16 04:00;0
21.02.16 05:00;-0
21.02.16 06:00;0
21.02.16 07:00;5
21.02.16 08:00;10
21.02.16 09:00;13
21.02.16 10:00;14
21.02.16 11:00;14
21.02.16 12:00;10
21.02.16 13:00;7
21.02.16 14:00;4
21.02.16 15:00;7
21.02.16 16:00;14
21.02.16 17:00;18
21.02.16 18:00;18
21.02.16 19:00;12;;
21.02.16 20:00;12
21.02.16 21:00;13
21.02.16 22:00;9
21.02.16 23:00;-4
22.02.16 00:00;-4
22.02.16 01:00;-5
22.02.16 02:00;-1
22.02.16 03:00;-0
22.02.16 04:00;7
22.02.16 05:00;18
22.02.16 06:00;26
22.02.16 07:00;27
22.02.16 08:00;23
22.02.16 09:00;23
22.02.16 10:00;23
22.02.16 11:00;24;;
22.02.16 12:00;24
22.02.16 13:00;23
22.02.16 14:00;23
22.02.16 15:00;23
22.02.16 16:00;27
22.02.16 17:00;40
22.02.16 18:00;39
22.02.16 19:00;29
22.02.16 20:00;24
22.02.16 21:00;25
22.02.16 22:00;19
22.02.16 23:00;17
23.02.16 00:00;14
23.02.16 01:00;17
23.02.16 02:00;17
23.02.16 03:00;17
23.02.16 04:00;19
23.02.16 05:00;27
23.02.16 06:00;30
23.02.16 07:00;31
23.02.16 08:00;31
23.02.16 09:00;29
23.02.16 10:00;30
23.02.16 11:00;25
23.02.16 12:00;24
23.02.16 13:00;23
23.02.16 14:00;24
23.02.16 15:00;24
23.02.16 16:00;30
23.02.16 17:00;36
23.02.16 18:00;29
23.02.16 19:00;22
23.02.16 20:00;23
23.02.16 21:00;19
23.02.16 22:00;17
23.02.16 23:00;18
24.02.16 00:00;16
24.02.16 01:00;13
24.02.16 02:00;13
24.02.16 03:00;17
24.02.16 04:00;18
24.02.16 05:00;23
24.02.16 06:00;33
24.02.16 07:00;30
24.02.16 08:00;25
24.02.16 09:00;23
24.02.16 10:00;22
24.02.16 11:00;22
24.02.16 12:00;22
24.02.16 13:00;22
24.02.16 14:00;24;;
24.02.16 15:00;25
24.02.16 16:00;31
24.02.16 17:00;35
24.02.16 18:00;36
24.02.16 19:00;30
24.02.16 20:00;23
24.02.16 21:00;22
24.02.16 22:00;20
24.02.16 23:00;24
25.02.16 00:00;22
25.02.16 01:00;21
25.02.16 02:00;20
25.02.16 03:00;19
25.02.16 04:00;21
25.02.16 05:00;27
25.02.16 06:00;36
25.02.16 07:00;38
25.02.16 08:00;34
25.02.16 09:00;32
25.02.16 10:00;30
25.02.16 11:00;26
25.02.16 12:00;26
25.02.16 13:00;25;;
25.02.16 14:00;24
25.02.16 15:00;25
25.02.16 16:00;31
25.02.16 17:00;39
25.02.16 18:00;36
25.02.16 19:00;31
25.02.16 20:00;25
25.02.16 21:00;25
25.02.16 22:00;23
25.02.16 23:00;21
26.02.16 00:00;21
26.02.16 01:00;21
26.02.16 02:00;20;;
26.02.16 03:00;21
26.02.16 04:00;22
26.02.16 05:00;27
26.02.16 06:00;32
26.02.16 07:00;36
26.02.16 08:00;33
26.02.16 09:00;31
26.02.16 10:00;29
26.02.16 11:00;27
26.02.16 12:00;25
26.02.16 13:00;24;;
26.02.16 14:00;25
26.02.16 15:00;26
26.02.16 16:00;33
26.02.16 17:00;39
26.02.16 18:00;37
26.02.16 19:00;31
26.02.16 20:00;26
26.02.16 21:00;26
26.02.16 22:00;25;;
26.02.16 23:00;26
27.02.16 00:00;23
27.02.16 01:00;21
27.02.16 02:00;19
27.02.16 03:00;19
27.02.16 04:00;20
27.02.16 05:00;21
27.02.16 06:00;22
27.02.16 07:00;25
27.02.16 08:00;26
27.02.16 09:00;23
27.02.16 10:00;21
27.02.16 11:00;19
27.02.16 12:00;19
27.02.16 13:00;19
27.02.16 14:00;19
27.02.16 15:00;20
27.02.16 16:00;24
27.02.16 17:00;32
27.02.16 18:00;31
27.02.16 19:00;25
27.02.16 20:00;21
27.02.16 21:00;23
27.02.16 22:00;20
27.02.16 23:00;19
28.02.16 00:00;18
28.02.16 01:00;18
28.02.16 02:00;17
28.02.16 03:00;17
28.02.16 04:00;17
28.02.16 05:00;17
28.02.16 06:00;17
28.02.16 07:00;17
28.02.16 08:00;19
28.02.16 09:00;19
28.02.16 10:00;19
28.02.16 11:00;16
28.02.16 12:00;14
28.02.16 13:00;12
28.02.16 14:00;12
28.02.16 15:00;13
28.02.16 16:00;19
28.02.16 17:00;24
28.02.16 18:00;26
28.02.16 19:00;21
28.02.16 20:00;19
28.02.16 21:00;20
28.02.16 22:00;19
28.02.16 23:00;19
01.03.16 00:00;22
01.03.16 01:00;19
01.03.16 02:00;19
01.03.16 03:00;19
01.03.16 04:00;20
01.03.16 05:00;25
01.03.16 06:00;32
01.03.16 07:00;37
01.03.16 08:00;34
01.03.16 09:00;31
01.03.16 10:00;30
01.03.16 11:00;28
01.03.16 12:00;27
01.03.16 13:00;25
01.03.16 14:00;25
01.03.16 15:00;23
01.03.16 16:00;26
01.03.16 17:00;26;;
01.03.16 18:00;22
01.03.16 19:00;21
01.03.16 20:00;19
01.03.16 21:00;18
01.03.16 22:00;17
01.03.16 23:00;10
02.03.16 00:00;13
02.03.16 01:00;12
02.03.16 02:00;12
02.03.16 03:00;13
02.03.16 04:00;15
02.03.16 05:00;21
02.03.16 06:00;23
02.03.16 07:00;25
02.03.16 08:00;24
02.03.16 09:00;26
02.03.16 10:00;28;;
02.03.16 11:00;27
02.03.16 12:00;26;;
02.03.16 13:00;25
02.03.16 14:00;28
02.03.16 15:00;28
02.03.16 16:00;31
02.03.16 17:00;40;;
02.03.16 18:00;36
02.03.16 19:00;30
02.03.16 20:00;27
02.03.16 21:00;24
02.03.16 22:00;21
02.03.16 23:00;20
03.03.16 00:00;19
03.03.16 01:00;18
03.03.16 02:00;17
03.03.16 03:00;18
03.03.16 04:00;19
03.03.16 05:00;24
03.03.16 06:00;30
03.03.16 07:00;31
03.03.16 08:00;30
03.03.16 09:00;30
03.03.16 10:00;31
03.03.16 11:00;30
03.03.16 12:00;30
03.03.16 13:00;30
03.03.16 14:00;30
03.03.16 15:00;30
03.03.16 16:00;32
03.03.16 17:00;42
03.03.16 18:00;42
03.03.16 19:00;33
03.03.16 20:00;28
03.03.16 21:00;25
03.03.16 22:00;23
03.03.16 23:00;22
04.03.16 00:00;20
04.03.16 01:00;19
04.03.16 02:00;19
04.03.16 03:00;18
04.03.16 04:00;20
04.03.16 05:00;26
04.03.16 06:00;31
04.03.16 07:00;33
04.03.16 08:00;30
04.03.16 09:00;26
04.03.16 10:00;23
04.03.16 11:00;22
04.03.16 12:00;21
04.03.16 13:00;21
04.03.16 14:00;22
04.03.16 15:00;24
04.03.16 16:00;29
04.03.16 17:00;33
04.03.16 18:00;31
04.03.16 19:00;27
04.03.16 20:00;23
04.03.16 21:00;23
04.03.16 22:00;21
04.03.16 23:00;19
05.03.16 00:00;19
05.03.16 01:00;19
05.03.16 02:00;18
05.03.16 03:00;18
05.03.16 04:00;19
05.03.16 05:00;19
05.03.16 06:00;20
05.03.16 07:00;24
05.03.16 08:00;26
05.03.16 09:00;24
05.03.16 10:00;24
05.03.16 11:00;24
05.03.16 12:00;21
05.03.16 13:00;20
05.03.16 14:00;20
05.03.16 15:00;21
05.03.16 16:00;25
05.03.16 17:00;34
05.03.16 18:00;35;;
05.03.16 19:00;27
05.03.16 20:00;24
05.03.16 21:00;25
05.03.16 22:00;20;;
05.03.16 23:00;20
06.03.16 00:00;19
06.03.16 01:00;19
06.03.16 02:00;18
06.03.16 03:00;18
06.03.16 04:00;18
06.03.16 05:00;18
06.03.16 06:00;18
06.03.16 07:00;19
06.03.16 08:00;19
06.03.16 09:00;20
06.03.16 10:00;20
06.03.16 11:00;20
06.03.16 12:00;19
06.03.16 13:00;18
06.03.16 14:00;18
06.03.16 15:00;18
06.03.16 16:00;20
06.03.16 17:00;28
06.03.16 18:00;31
06.03.16 19:00;29
06.03.16 20:00;25
06.03.16 21:00;27
06.03.16 22:00;21
06.03.16 23:00;22
07.03.16 00:00;22
07.03.16 01:00;20
07.03.16 02:00;20
07.03.16 03:00;20
07.03.16 04:00;21
07.03.16 05:00;32
07.03.16 06:00;35
07.03.16 07:00;37
07.03.16 08:00;33
07.03.16 09:00;31
07.03.16 10:00;29
07.03.16 11:00;27
07.03.16 12:00;27
07.03.16 13:00;27
07.03.16 14:00;27
07.03.16 15:00;30
07.03.16 16:00;33
07.03.16 17:00;48
07.03.16 18:00;46
07.03.16 19:00;30
07.03.16 20:00;27
07.03.16 21:00;26
07.03.16 22:00;24
07.03.16 23:00;22
08.03.16 00:00;22
08.03.16 01:00;22
08.03.16 02:00;22;;
08.03.16 03:00;21
08.03.16 04:00;22
08.03.16 05:00;27
08.03.16 06:00;37
08.03.16 07:00;39
08.03.16 08:00;34
08.03.16 09:00;28
08.03.16 10:00;25
08.03.16 11:00;25
08.03.16 12:00;24
08.03.16 13:00;24
08.03.16 14:00;25
08.03.16 15:00;27
08.03.16 16:00;33
08.03.16 17:00;44
08.03.16 18:00;40
08.03.16 19:00;31
08.03.16 20:00;25
08.03.16 21:00;27
08.03.16 22:00;22
08.03.16 23:00;23
09.03.16 00:00;22
09.03.16 01:00;20
09.03.16 02:00;20
09.03.16 03:00;20
09.03.16 04:00;21
09.03.16 05:00;24
09.03.16 06:00;31
09.03.16 07:00;29
09.03.16 08:00;25
09.03.16 09:00;23
09.03.16 10:00;23
09.03.16 11:00;22
09.03.16 12:00;21
09.03.16 13:00;22
09.03.16 14:00;23
09.03.16 15:00;24
09.03.16 16:00;33;;
09.03.16 17:00;38
09.03.16 18:00;37
09.03.16 19:00;29
09.03.16 20:00;25
09.03.16 21:00;27
09.03.16 22:00;23
09.03.16 23:00;19
10.03.16 00:00;20
10.03.16 01:00;20
10.03.16 02:00;20
10.03.16 03:00;20
10.03.16 04:00;21
10.03.16 05:00;28
10.03.16 06:00;35
10.03.16 07:00;31
10.03.16 08:00;30
10.03.16 09:00;25
10.03.16 10:00;24
10.03.16 11:00;26
10.03.16 12:00;25;;
10.03.16 13:00;25;;
10.03.16 14:00;24
10.03.16 15:00;25
10.03.16 16:00;29
10.03.16 17:00;35
10.03.16 18:00;37
10.03.16 19:00;30
10.03.16 20:00;25
10.03.16 21:00;22
10.03.16 22:00;21
10.03.16 23:00;22
11.03.16 00:00;20
11.03.16 01:00;21
11.03.16 02:00;21
11.03.16 03:00;21
11.03.16 04:00;22
11.03.16 05:00;28
11.03.16 06:00;34
11.03.16 07:00;38
11.03.16 08:00;36
11.03.16 09:00;32
11.03.16 10:00;31
11.03.16 11:00;29
11.03.16 12:00;27
11.03.16 13:00;25
11.03.16 14:00;24
11.03.16 15:00;24
11.03.16 16:00;27
11.03.16 17:00;32
11.03.16 18:00;35
11.03.16 19:00;30
11.03.16 20:00;26
11.03.16 21:00;28
11.03.16 22:00;25
11.03.16 23:00;29
12.03.16 00:00;26
12.03.16 01:00;25
12.03.16 02:00;24
12.03.16 03:00;23
12.03.16 04:00;24
12.03.16 05:00;25
12.03.16 06:00;25
12.03.16 07:00;28
12.03.16 08:00;30
12.03.16 09:00;29
12.03.16 10:00;28
12.03.16 11:00;27
12.03.16 12:00;25
12.03.16 13:00;23
12.03.16 14:00;22
12.03.16 15:00;23
12.03.16 16:00;27
12.03.16 17:00;34
12.03.16 18:00;36
12.03.16 19:00;35;;
12.03.16 20:00;30
12.03.16 21:00;30
12.03.16 22:00;30;;
12.03.16 23:00;26
13.03.16 00:00;22
13.03.16 01:00;21
13.03.16 02:00;21
13.03.16 03:00;21
13.03.16 04:00;21
13.03.16 05:00;21
13.03.16 06:00;21
13.03.16 07:00;21
13.03.16 08:00;21
13.03.16 09:00;21
13.03.16 10:00;21
13.03.16 11:00;21
13.03.16 12:00;19
13.03.16 13:00;17
13.03.16 14:00;17
13.03.16 15:00;18
13.03.16 16:00;20
13.03.16 17:00;26
13.03.16 18:00;33
13.03.16 19:00;31
13.03.16 20:00;27
13.03.16 21:00;28
13.03.16 22:00;26
13.03.16 23:00;22
14.03.16 00:00;20
14.03.16 01:00;20
14.03.16 02:00;19
14.03.16 03:00;20
14.03.16 04:00;21
14.03.16 05:00;29
14.03.16 06:00;35
14.03.16 07:00;35
14.03.16 08:00;31
14.03.16 09:00;28
14.03.16 10:00;24
14.03.16 11:00;23
14.03.16 12:00;22
14.03.16 13:00;22
14.03.16 14:00;23
14.03.16 15:00;24
14.03.16 16:00;30
14.03.16 17:00;39
14.03.16 18:00;47
14.03.16 19:00;34
14.03.16 20:00;29
14.03.16 21:00;26
14.03.16 22:00;22
14.03.16 23:00;21
15.03.16 00:00;20
15.03.16 01:00;21
15.03.16 02:00;20
15.03.16 03:00;20
15.03.16 04:00;22
15.03.16 05:00;27
15.03.16 06:00;33
15.03.16 07:00;38
15.03.16 08:00;35
15.03.16 09:00;36
15.03.16 10:00;34
15.03.16 11:00;30
15.03.16 12:00;27
15.03.16 13:00;24
15.03.16 14:00;23
15.03.16 15:00;23
15.03.16 16:00;25
15.03.16 17:00;31
15.03.16 18:00;34
15.03.16 19:00;29
15.03.16 20:00;24
15.03.16 21:00;22
15.03.16 22:00;20
15.03.16 23:00;21
16.03.16 00:00;20
16.03.16 01:00;20
16.03.16 02:00;20
16.03.16 03:00;20
16.03.16 04:00;21
16.03.16 05:00;26
16.03.16 06:00;33
16.03.16 07:00;32
16.03.16 08:00;24
16.03.16 09:00;22
16.03.16 10:00;22
16.03.16 11:00;22
16.03.16 12:00;21
16.03.16 13:00;21
16.03.16 14:00;22
16.03.16 15:00;23
16.03.16 16:00;29
16.03.16 17:00;35
16.03.16 18:00;39
16.03.16 19:00;32
16.03.16 20:00;27
16.03.16 21:00;23
16.03.16 22:00;22
16.03.16 23:00;23
17.03.16 00:00;22
17.03.16 01:00;22
17.03.16 02:00;22
17.03.16 03:00;22
17.03.16 04:00;23
17.03.16 05:00;33
17.03.16 06:00;38
17.03.16 07:00;34
17.03.16 08:00;25
17.03.16 09:00;23
17.03.16 10:00;22
17.03.16 11:00;22
17.03.16 12:00;22
17.03.16 13:00;22
17.03.16 14:00;22
17.03.16 15:00;25
17.03.16 16:00;31
17.03.16 17:00;38
17.03.16 18:00;46
17.03.16 19:00;37
17.03.16 20:00;30
17.03.16 21:00;25
17.03.16 22:00;21
17.03.16 23:00;20
18.03.16 00:00;19
18.03.16 01:00;19
18.03.16 02:00;19
18.03.16 03:00;20
18.03.16 04:00;21
18.03.16 05:00;24
18.03.16 06:00;32
18.03.16 07:00;29
18.03.16 08:00;23
18.03.16 09:00;22
18.03.16 10:00;22
18.03.16 11:00;22
18.03.16 12:00;22
18.03.16 13:00;22
18.03.16 14:00;23
18.03.16 15:00;24
18.03.16 16:00;27
18.03.16 17:00;33
18.03.16 18:00;39
18.03.16 19:00;33
18.03.16 20:00;27
18.03.16 21:00;26
18.03.16 22:00;23
18.03.16 23:00;23
19.03.16 00:00;21
19.03.16 01:00;21
19.03.16 02:00;22
19.03.16 03:00;22
19.03.16 04:00;22
19.03.16 05:00;22
19.03.16 06:00;28
19.03.16 07:00;29
19.03.16 08:00;28
19.03.16 09:00;26
19.03.16 10:00;24
19.03.16 11:00;23
19.03.16 12:00;22
19.03.16 13:00;21
19.03.16 14:00;20
19.03.16 15:00;21
19.03.16 16:00;24;;
19.03.16 17:00;31
19.03.16 18:00;35
19.03.16 19:00;26
19.03.16 20:00;22
19.03.16 21:00;24
19.03.16 22:00;21
19.03.16 23:00;17
20.03.16 00:00;17
20.03.16 01:00;18
20.03.16 02:00;18
20.03.16 03:00;18
20.03.16 04:00;18
20.03.16 05:00;18
20.03.16 06:00;17
20.03.16 07:00;16
20.03.16 08:00;16
20.03.16 09:00;14
20.03.16 10:00;16
20.03.16 11:00;13
20.03.16 12:00;12
20.03.16 13:00;12;;
20.03.16 14:00;12
20.03.16 15:00;13
20.03.16 16:00;19
20.03.16 17:00;23
20.03.16 18:00;25
20.03.16 19:00;22
20.03.16 20:00;22
20.03.16 21:00;24
20.03.16 22:00;20
20.03.16 23:00;20
21.03.16 00:00;19
21.03.16 01:00;19
21.03.16 02:00;19
21.03.16 03:00;20
21.03.16 04:00;23
21.03.16 05:00;32
21.03.16 06:00;31
21.03.16 07:00;30
21.03.16 08:00;30
21.03.16 09:00;24
21.03.16 10:00;24
21.03.16 11:00;26
21.03.16 12:00;24
21.03.16 13:00;23
21.03.16 14:00;24
21.03.16 15:00;23
21.03.16 16:00;26
21.03.16 17:00;30
21.03.16 18:00;33
21.03.16 19:00;29
21.03.16 20:00;23
21.03.16 21:00;22
21.03.16 22:00;20
21.03.16 23:00;20
22.03.16 00:00;20
22.03.16 01:00;20
22.03.16 02:00;20
22.03.16 03:00;21;;
22.03.16 04:00;22
22.03.16 05:00;24
22.03.16 06:00;29
22.03.16 07:00;31
22.03.16 08:00;31
22.03.16 09:00;28
22.03.16 10:00;30;;
22.03.16 11:00;28
22.03.16 12:00;28
22.03.16 13:00;29;;
22.03.16 14:00;29
22.03.16 15:00;30
22.03.16 16:00;34
22.03.16 17:00;36
22.03.16 18:00;40
22.03.16 19:00;38
22.03.16 20:00;33
22.03.16 21:00;29
22.03.16 22:00;23
22.03.16 23:00;21
23.03.16 00:00;20
23.03.16 01:00;20
23.03.16 02:00;21
23.03.16 03:00;21
23.03.16 04:00;21
23.03.16 05:00;25
23.03.16 06:00;32
23.03.16 07:00;32
23.03.16 08:00;30
23.03.16 09:00;26
23.03.16 10:00;26
23.03.16 11:00;25
23.03.16 12:00;25;;
23.03.16 13:00;24
23.03.16 14:00;24
23.03.16 15:00;24
23.03.16 16:00;28;;
23.03.16 17:00;32
23.03.16 18:00;37
23.03.16 19:00;34
23.03.16 20:00;31
23.03.16 21:00;25
23.03.16 22:00;22
23.03.16 23:00;22
24.03.16 00:00;21
24.03.16 01:00;21
24.03.16 02:00;21
24.03.16 03:00;21
24.03.16 04:00;22
24.03.16 05:00;31
24.03.16 06:00;35;;
24.03.16 07:00;34
24.03.16 08:00;32
24.03.16 09:00;31
24.03.16 10:00;31;;
24.03.16 11:00;28
24.03.16 12:00;27
24.03.16 13:00;26
24.03.16 14:00;25
24.03.16 15:00;26
24.03.16 16:00;30;;
24.03.16 17:00;32
24.03.16 18:00;35
24.03.16 19:00;33
24.03.16 20:00;25
24.03.16 21:00;25
24.03.16 22:00;22
24.03.16 23:00;23
25.03.16 00:00;21
25.03.16 01:00;21;;
25.03.16 02:00;20;;
25.03.16 03:00;20
25.03.16 04:00;20
25.03.16 05:00;20
25.03.16 06:00;20
25.03.16 07:00;21
25.03.16 08:00;23
25.03.16 09:00;27
25.03.16 10:00;28
25.03.16 11:00;27
25.03.16 12:00;27
25.03.16 13:00;26
25.03.16 14:00;24
25.03.16 15:00;23
25.03.16 16:00;26
25.03.16 17:00;29
25.03.16 18:00;33
25.03.16 19:00;32
25.03.16 20:00;31
25.03.16 21:00;30
25.03.16 22:00;30;;
25.03.16 23:00;28
26.03.16 00:00;24
26.03.16 01:00;21
26.03.16 02:00;20;;
26.03.16 03:00;20;;
26.03.16 04:00;20
26.03.16 05:00;20
26.03.16 06:00;21
26.03.16 07:00;22
26.03.16 08:00;24;;
26.03.16 09:00;21
26.03.16 10:00;19
26.03.16 11:00;19
26.03.16 12:00;18
26.03.16 13:00;16
26.03.16 14:00;15
26.03.16 15:00;15
26.03.16 16:00;19
26.03.16 17:00;21
26.03.16 18:00;22
26.03.16 19:00;20
26.03.16 20:00;17
26.03.16 21:00;17
26.03.16 22:00;14
26.03.16 23:00;7
27.03.16 00:00;3
27.03.16 01:00;6
27.03.16 02:00;4
27.03.16 03:00;4
27.03.16 04:00;0
27.03.16 05:00;4
27.03.16 06:00;7
27.03.16 07:00;8
27.03.16 08:00;10
27.03.16 09:00;11
27.03.16 10:00;11
27.03.16 11:00;9
27.03.16 12:00;6
27.03.16 13:00;6
27.03.16 14:00;7
27.03.16 15:00;13
27.03.16 16:00;14
27.03.16 17:00;19
27.03.16 18:00;22
27.03.16 19:00;20
27.03.16 20:00;19
27.03.16 21:00;18
27.03.16 22:00;12
27.03.16 23:00;8
28.03.16 00:00;7
28.03.16 01:00;6
28.03.16 02:00;5
28.03.16 03:00;6
28.03.16 04:00;5
28.03.16 05:00;5
28.03.16 06:00;3
28.03.16 07:00;3
28.03.16 08:00;2
28.03.16 09:00;0
28.03.16 10:00;-4
28.03.16 11:00;-28
28.03.16 12:00;-38
28.03.16 13:00;-19
28.03.16 14:00;-13
28.03.16 15:00;-4
28.03.16 16:00;7
28.03.16 17:00;11
28.03.16 18:00;17
28.03.16 19:00;11
28.03.16 20:00;16
28.03.16 21:00;12
28.03.16 22:00;11
28.03.16 23:00;9
29.03.16 00:00;11
29.03.16 01:00;9
29.03.16 02:00;8
29.03.16 03:00;13
29.03.16 04:00;25
29.03.16 05:00;31
29.03.16 06:00;31
29.03.16 07:00;26
29.03.16 08:00;21
29.03.16 09:00;21
29.03.16 10:00;20
29.03.16 11:00;19
29.03.16 12:00;19
29.03.16 13:00;19
29.03.16 14:00;19
29.03.16 15:00;21
29.03.16 16:00;30
29.03.16 17:00;35
29.03.16 18:00;39
29.03.16 19:00;32
29.03.16 20:00;28
29.03.16 21:00;22
29.03.16 22:00;24
29.03.16 23:00;22;;
30.03.16 00:00;20
30.03.16 01:00;19
30.03.16 02:00;20
30.03.16 03:00;21
30.03.16 04:00;29
30.03.16 05:00;29
30.03.16 06:00;27
30.03.16 07:00;31
30.03.16 08:00;29
30.03.16 09:00;27
30.03.16 10:00;26
30.03.16 11:00;22
30.03.16 12:00;22
30.03.16 13:00;22
30.03.16 14:00;25
30.03.16 15:00;29
30.03.16 16:00;31
30.03.16 17:00;37
30.03.16 18:00;37;;
30.03.16 19:00;34
30.03.16 20:00;30
30.03.16 21:00;27
30.03.16 22:00;23
30.03.16 23:00;22
31.03.16 00:00;21
31.03.16 01:00;21
31.03.16 02:00;21
31.03.16 03:00;22
31.03.16 04:00;29
31.03.16 05:00;36
31.03.16 06:00;40
31.03.16 07:00;36
31.03.16 08:00;34
31.03.16 09:00;33
31.03.16 10:00;30
31.03.16 11:00;30
31.03.16 12:00;27
31.03.16 13:00;25
31.03.16 14:00;24
31.03.16 15:00;24
31.03.16 16:00;27
31.03.16 17:00;31
31.03.16 18:00;31
31.03.16 19:00;25
31.03.16 20:00;25
31.03.16 21:00;23
31.03.16 22:00;21
31.03.16 23:00;20
01.04.16 00:00;21
01.04.16 01:00;20
01.04.16 02:00;21
01.04.16 03:00;21
01.04.16 04:00;29
01.04.16 05:00;36
01.04.16 06:00;40
01.04.16 07:00;38
01.04.16 08:00;34
01.04.16 09:00;30
01.04.16 10:00;25
01.04.16 11:00;23
01.04.16 12:00;23
01.04.16 13:00;23;;
01.04.16 14:00;22
01.04.16 15:00;24
01.04.16 16:00;31
01.04.16 17:00;33
01.04.16 18:00;35
01.04.16 19:00;31
01.04.16 20:00;24
01.04.16 21:00;26
01.04.16 22:00;21
01.04.16 23:00;21
02.04.16 00:00;21
02.04.16 01:00;19
02.04.16 02:00;19
02.04.16 03:00;20
02.04.16 04:00;20
02.04.16 05:00;22
02.04.16 06:00;22
02.04.16 07:00;22
02.04.16 08:00;20
02.04.16 09:00;19
02.04.16 10:00;18
02.04.16 11:00;17
02.04.16 12:00;14
02.04.16 13:00;16
02.04.16 14:00;18
02.04.16 15:00;20
02.04.16 16:00;23
02.04.16 17:00;28
02.04.16 18:00;30
02.04.16 19:00;30
02.04.16 20:00;26
02.04.16 21:00;21
02.04.16 22:00;19
02.04.16 23:00;18
03.04.16 00:00;17
03.04.16 01:00;15
03.04.16 02:00;15
03.04.16 03:00;15
03.04.16 04:00;13
03.04.16 05:00;14
03.04.16 06:00;17
03.04.16 07:00;18
03.04.16 08:00;17
03.04.16 09:00;17
03.04.16 10:00;15
03.04.16 11:00;14
03.04.16 12:00;12
03.04.16 13:00;12
03.04.16 14:00;13
03.04.16 15:00;15
03.04.16 16:00;21
03.04.16 17:00;23
03.04.16 18:00;25
03.04.16 19:00;25
03.04.16 20:00;24
03.04.16 21:00;20
03.04.16 22:00;21;;
03.04.16 23:00;19
04.04.16 00:00;19
04.04.16 01:00;18
04.04.16 02:00;18
04.04.16 03:00;20
04.04.16 04:00;29
04.04.16 05:00;34
04.04.16 06:00;35
04.04.16 07:00;33
04.04.16 08:00;29
04.04.16 09:00;25
04.04.16 10:00;23
04.04.16 11:00;23
04.04.16 12:00;23
04.04.16 13:00;23
04.04.16 14:00;27
04.04.16 15:00;29
04.04.16 16:00;32
04.04.16 17:00;35
04.04.16 18:00;36
04.04.16 19:00;35
04.04.16 20:00;30
04.04.16 21:00;25
04.04.16 22:00;21
04.04.16 23:00;20
05.04.16 00:00;20
05.04.16 01:00;20
05.04.16 02:00;20
05.04.16 03:00;21
05.04.16 04:00;27
05.04.16 05:00;32
05.04.16 06:00;35
05.04.16 07:00;34
05.04.16 08:00;34
05.04.16 09:00;32
05.04.16 10:00;29
05.04.16 11:00;26
05.04.16 12:00;24
05.04.16 13:00;24
05.04.16 14:00;23
05.04.16 15:00;27
05.04.16 16:00;29
05.04.16 17:00;30
05.04.16 18:00;30
05.04.16 19:00;28;;
05.04.16 20:00;25
05.04.16 21:00;21
05.04.16 22:00;20;;
05.04.16 23:00;19
06.04.16 00:00;19
06.04.16 01:00;18
06.04.16 02:00;19
06.04.16 03:00;20;;
06.04.16 04:00;24
06.04.16 05:00;32
06.04.16 06:00;34
06.04.16 07:00;25
06.04.16 08:00;23
06.04.16 09:00;21
06.04.16 10:00;21
06.04.16 11:00;20
06.04.16 12:00;19
06.04.16 13:00;19
06.04.16 14:00;20
06.04.16 15:00;21
06.04.16 16:00;23
06.04.16 17:00;26
06.04.16 18:00;28
06.04.16 19:00;23
06.04.16 20:00;21
06.04.16 21:00;19
06.04.16 22:00;16
06.04.16 23:00;16;;
07.04.16 00:00;13
07.04.16 01:00;12
07.04.16 02:00;13
07.04.16 03:00;17
07.04.16 04:00;22
07.04.16 05:00;28
07.04.16 06:00;31
07.04.16 07:00;26
07.04.16 08:00;21
07.04.16 09:00;21
07.04.16 10:00;22
07.04.16 11:00;21
07.04.16 12:00;22
07.04.16 13:00;21
07.04.16 14:00;21
07.04.16 15:00;22
07.04.16 16:00;28
07.04.16 17:00;31
07.04.16 18:00;32
07.04.16 19:00;29
07.04.16 20:00;28
07.04.16 21:00;23
07.04.16 22:00;23
07.04.16 23:00;21
08.04.16 00:00;21
08.04.16 01:00;20
08.04.16 02:00;21
08.04.16 03:00;21
08.04.16 04:00;29
08.04.16 05:00;35;;
08.04.16 06:00;38
08.04.16 07:00;37
08.04.16 08:00;34
08.04.16 09:00;32
08.04.16 10:00;29
08.04.16 11:00;27
08.04.16 12:00;26
08.04.16 13:00;24
08.04.16 14:00;23
08.04.16 15:00;27
08.04.16 16:00;29
08.04.16 17:00;32
08.04.16 18:00;31
08.04.16 19:00;30
08.04.16 20:00;30
08.04.16 21:00;29;;
08.04.16 22:00;28
08.04.16 23:00;24
09.04.16 00:00;23
09.04.16 01:00;21
09.04.16 02:00;21
09.04.16 03:00;21
09.04.16 04:00;22
09.04.16 05:00;23
09.04.16 06:00;27
09.04.16 07:00;25
09.04.16 08:00;22
09.04.16 09:00;22
09.04.16 10:00;21
09.04.16 11:00;20
09.04.16 12:00;19
09.04.16 13:00;20
09.04.16 14:00;20
09.04.16 15:00;22
09.04.16 16:00;26
09.04.16 17:00;29
09.04.16 18:00;31
09.04.16 19:00;29
09.04.16 20:00;27
09.04.16 21:00;24;;
09.04.16 22:00;21
09.04.16 23:00;20
10.04.16 00:00;19
10.04.16 01:00;18
10.04.16 02:00;19
10.04.16 03:00;18
10.04.16 04:00;19
10.04.16 05:00;19
10.04.16 06:00;20
10.04.16 07:00;20
10.04.16 08:00;21;;
10.04.16 09:00;20
10.04.16 10:00;19
10.04.16 11:00;16
10.04.16 12:00;14
10.04.16 13:00;13
10.04.16 14:00;12
10.04.16 15:00;16
10.04.16 16:00;20
10.04.16 17:00;22
10.04.16 18:00;24
10.04.16 19:00;23;;
10.04.16 20:00;21
10.04.16 21:00;19
10.04.16 22:00;16
10.04.16 23:00;13
11.04.16 00:00;12
11.04.16 01:00;10
11.04.16 02:00;13
11.04.16 03:00;18
11.04.16 04:00;25
11.04.16 05:00;32;;
11.04.16 06:00;34
11.04.16 07:00;28
11.04.16 08:00;25
11.04.16 09:00;23
11.04.16 10:00;22
11.04.16 11:00;22
11.04.16 12:00;22
11.04.16 13:00;21
11.04.16 14:00;22
11.04.16 15:00;23
11.04.16 16:00;28
11.04.16 17:00;31
11.04.16 18:00;32
11.04.16 19:00;31
11.04.16 20:00;27
11.04.16 21:00;24
11.04.16 22:00;22
11.04.16 23:00;22
12.04.16 00:00;21
12.04.16 01:00;21
12.04.16 02:00;21
12.04.16 03:00;22
12.04.16 04:00;28
12.04.16 05:00;36;;
12.04.16 06:00;38
12.04.16 07:00;37
12.04.16 08:00;34;;
12.04.16 09:00;31
12.04.16 10:00;27
12.04.16 11:00;26
12.04.16 12:00;24
12.04.16 13:00;24
12.04.16 14:00;25
12.04.16 15:00;27
12.04.16 16:00;31
12.04.16 17:00;34
12.04.16 18:00;34
12.04.16 19:00;32
12.04.16 20:00;30;;
12.04.16 21:00;24
12.04.16 22:00;22
12.04.16 23:00;21
13.04.16 00:00;21
13.04.16 01:00;21
13.04.16 02:00;21
13.04.16 03:00;22
13.04.16 04:00;31
13.04.16 05:00;34
13.04.16 06:00;39
13.04.16 07:00;35
13.04.16 08:00;33
13.04.16 09:00;31
13.04.16 10:00;28
13.04.16 11:00;27
13.04.16 12:00;25
13.04.16 13:00;26;;
13.04.16 14:00;26
13.04.16 15:00;29;;
13.04.16 16:00;32
13.04.16 17:00;33
13.04.16 18:00;34
13.04.16 19:00;31
13.04.16 20:00;28;;
13.04.16 21:00;23
13.04.16 22:00;23
13.04.16 23:00;21
14.04.16 00:00;21
14.04.16 01:00;20
14.04.16 02:00;21
14.04.16 03:00;21
14.04.16 04:00;27;;
14.04.16 05:00;32
14.04.16 06:00;37
14.04.16 07:00;34
14.04.16 08:00;30
14.04.16 09:00;28
14.04.16 10:00;26
14.04.16 11:00;25
14.04.16 12:00;23
14.04.16 13:00;23
14.04.16 14:00;23
14.04.16 15:00;24
14.04.16 16:00;27
14.04.16 17:00;32
14.04.16 18:00;31
14.04.16 19:00;31
14.04.16 20:00;28
14.04.16 21:00;23
14.04.16 22:00;22
14.04.16 23:00;21
15.04.16 00:00;20
15.04.16 01:00;20
15.04.16 02:00;20
15.04.16 03:00;21
15.04.16 04:00;25;;
15.04.16 05:00;31
15.04.16 06:00;34
15.04.16 07:00;33
15.04.16 08:00;30
15.04.16 09:00;29
15.04.16 10:00;28;;
15.04.16 11:00;23
15.04.16 12:00;22
15.04.16 13:00;21
15.04.16 14:00;21
15.04.16 15:00;22
15.04.16 16:00;23
15.04.16 17:00;26
15.04.16 18:00;28
15.04.16 19:00;27
15.04.16 20:00;25;;
15.04.16 21:00;24
15.04.16 22:00;21
15.04.16 23:00;19
16.04.16 00:00;19
16.04.16 01:00;18
16.04.16 02:00;17
16.04.16 03:00;18
16.04.16 04:00;19
16.04.16 05:00;19
16.04.16 06:00;21
16.04.16 07:00;21
16.04.16 08:00;19
16.04.16 09:00;19
16.04.16 10:00;18
16.04.16 11:00;14
16.04.16 12:00;13
16.04.16 13:00;13
16.04.16 14:00;12
16.04.16 15:00;14
16.04.16 16:00;17
16.04.16 17:00;22
16.04.16 18:00;23
16.04.16 19:00;24
16.04.16 20:00;23
16.04.16 21:00;20
16.04.16 22:00;19
16.04.16 23:00;17
17.04.16 00:00;15
17.04.16 01:00;15
17.04.16 02:00;15
17.04.16 03:00;14
17.04.16 04:00;14
17.04.16 05:00;14
17.04.16 06:00;16
17.04.16 07:00;18
17.04.16 08:00;18
17.04.16 09:00;18
17.04.16 10:00;18
17.04.16 11:00;16
17.04.16 12:00;13
17.04.16 13:00;12
17.04.16 14:00;13
17.04.16 15:00;16
17.04.16 16:00;19
17.04.16 17:00;21
17.04.16 18:00;26
17.04.16 19:00;29
17.04.16 20:00;30
17.04.16 21:00;27
17.04.16 22:00;20
17.04.16 23:00;20
18.04.16 00:00;19
18.04.16 01:00;18
18.04.16 02:00;19;;
18.04.16 03:00;20
18.04.16 04:00;30;;
18.04.16 05:00;37
18.04.16 06:00;38
18.04.16 07:00;29
18.04.16 08:00;24
18.04.16 09:00;23
18.04.16 10:00;21
18.04.16 11:00;20
18.04.16 12:00;20
18.04.16 13:00;20
18.04.16 14:00;20
18.04.16 15:00;20
18.04.16 16:00;23
18.04.16 17:00;25
18.04.16 18:00;27
18.04.16 19:00;29
18.04.16 20:00;22
18.04.16 21:00;19
18.04.16 22:00;19
18.04.16 23:00;18
19.04.16 00:00;18
19.04.16 01:00;17
19.04.16 02:00;18
19.04.16 03:00;19
19.04.16 04:00;26
19.04.16 05:00;29
19.04.16 06:00;29
19.04.16 07:00;21
19.04.16 08:00;20
19.04.16 09:00;20
19.04.16 10:00;17
19.04.16 11:00;15
19.04.16 12:00;13
19.04.16 13:00;13
19.04.16 14:00;15
19.04.16 15:00;19
19.04.16 16:00;20
19.04.16 17:00;23
19.04.16 18:00;25
19.04.16 19:00;24
19.04.16 20:00;21
19.04.16 21:00;19
19.04.16 22:00;19
19.04.16 23:00;18
20.04.16 00:00;16
20.04.16 01:00;17
20.04.16 02:00;18
20.04.16 03:00;20;;
20.04.16 04:00;25
20.04.16 05:00;30
20.04.16 06:00;31
20.04.16 07:00;26
20.04.16 08:00;23
20.04.16 09:00;22
20.04.16 10:00;21
20.04.16 11:00;20
20.04.16 12:00;20
20.04.16 13:00;21
20.04.16 14:00;21
20.04.16 15:00;22
20.04.16 16:00;27
20.04.16 17:00;31
20.04.16 18:00;32
20.04.16 19:00;30
20.04.16 20:00;28
20.04.16 21:00;24
20.04.16 22:00;22
20.04.16 23:00;20
21.04.16 00:00;19
21.04.16 01:00;19
21.04.16 02:00;19
21.04.16 03:00;21
21.04.16 04:00;29
21.04.16 05:00;34
21.04.16 06:00;35
21.04.16 07:00;32
21.04.16 08:00;28
21.04.16 09:00;26
21.04.16 10:00;23
21.04.16 11:00;23
21.04.16 12:00;23
21.04.16 13:00;23
21.04.16 14:00;23
21.04.16 15:00;27
21.04.16 16:00;30
21.04.16 17:00;32
21.04.16 18:00;32
21.04.16 19:00;32
21.04.16 20:00;29
21.04.16 21:00;25;;
21.04.16 22:00;21
21.04.16 23:00;20
22.04.16 00:00;19
22.04.16 01:00;19
22.04.16 02:00;19
22.04.16 03:00;22
22.04.16 04:00;28;;
22.04.16 05:00;33
22.04.16 06:00;34
22.04.16 07:00;31
22.04.16 08:00;28
22.04.16 09:00;25
22.04.16 10:00;23
22.04.16 11:00;22
22.04.16 12:00;22
22.04.16 13:00;22
22.04.16 14:00;22
22.04.16 15:00;24
22.04.16 16:00;28
22.04.16 17:00;30
22.04.16 18:00;30
22.04.16 19:00;29
22.04.16 20:00;27
22.04.16 21:00;25
22.04.16 22:00;27
22.04.16 23:00;22
23.04.16 00:00;21
23.04.16 01:00;20
23.04.16 02:00;20
23.04.16 03:00;20
23.04.16 04:00;21
23.04.16 05:00;21
23.04.16 06:00;23
23.04.16 07:00;27
23.04.16 08:00;26
23.04.16 09:00;25
23.04.16 10:00;23
23.04.16 11:00;21
23.04.16 12:00;20
23.04.16 13:00;18
23.04.16 14:00;16
23.04.16 15:00;19
23.04.16 16:00;21
23.04.16 17:00;22
23.04.16 18:00;25;;
23.04.16 19:00;27
23.04.16 20:00;25
23.04.16 21:00;22
23.04.16 22:00;18
23.04.16 23:00;15
24.04.16 00:00;14
24.04.16 01:00;12
24.04.16 02:00;12
24.04.16 03:00;13
24.04.16 04:00;12
24.04.16 05:00;12
24.04.16 06:00;13
24.04.16 07:00;12
24.04.16 08:00;12
24.04.16 09:00;13
24.04.16 10:00;14
24.04.16 11:00;11
24.04.16 12:00;9
24.04.16 13:00;9
24.04.16 14:00;8
24.04.16 15:00;13
24.04.16 16:00;20
24.04.16 17:00;21
24.04.16 18:00;23
24.04.16 19:00;24
24.04.16 20:00;27
24.04.16 21:00;24
24.04.16 22:00;22
24.04.16 23:00;21
25.04.16 00:00;20
25.04.16 01:00;20
25.04.16 02:00;20
25.04.16 03:00;21
25.04.16 04:00;29
25.04.16 05:00;32
25.04.16 06:00;34
25.04.16 07:00;30
25.04.16 08:00;28
25.04.16 09:00;27
25.04.16 10:00;28
25.04.16 11:00;27
25.04.16 12:00;24
25.04.16 13:00;23
25.04.16 14:00;23
25.04.16 15:00;25
25.04.16 16:00;28
25.04.16 17:00;31
25.04.16 18:00;31
25.04.16 19:00;30
25.04.16 20:00;28
25.04.16 21:00;22
25.04.16 22:00;21
25.04.16 23:00;20
26.04.16 00:00;20
26.04.16 01:00;20
26.04.16 02:00;21
26.04.16 03:00;22
26.04.16 04:00;29
26.04.16 05:00;34
26.04.16 06:00;35
26.04.16 07:00;32
26.04.16 08:00;30
26.04.16 09:00;29
26.04.16 10:00;26
26.04.16 11:00;25
26.04.16 12:00;25
26.04.16 13:00;25
26.04.16 14:00;24
26.04.16 15:00;25
26.04.16 16:00;28
26.04.16 17:00;31
26.04.16 18:00;31
26.04.16 19:00;31
26.04.16 20:00;27
26.04.16 21:00;23
26.04.16 22:00;23
26.04.16 23:00;22
27.04.16 00:00;22
27.04.16 01:00;22
27.04.16 02:00;22
27.04.16 03:00;23
27.04.16 04:00;28
27.04.16 05:00;31
27.04.16 06:00;30
27.04.16 07:00;28
27.04.16 08:00;25
27.04.16 09:00;24
27.04.16 10:00;24
27.04.16 11:00;24
27.04.16 12:00;23
27.04.16 13:00;23
27.04.16 14:00;23
27.04.16 15:00;24
27.04.16 16:00;28
27.04.16 17:00;30
27.04.16 18:00;33;;
27.04.16 19:00;31
27.04.16 20:00;27
27.04.16 21:00;25
27.04.16 22:00;23;;
27.04.16 23:00;23
28.04.16 00:00;24
28.04.16 01:00;23
28.04.16 02:00;23
28.04.16 03:00;25
28.04.16 04:00;31
28.04.16 05:00;37
28.04.16 06:00;37
28.04.16 07:00;34
28.04.16 08:00;29
28.04.16 09:00;29
28.04.16 10:00;26
28.04.16 11:00;24
28.04.16 12:00;27
28.04.16 13:00;26
28.04.16 14:00;26
28.04.16 15:00;30;;
28.04.16 16:00;34
28.04.16 17:00;38
28.04.16 18:00;35
28.04.16 19:00;37
28.04.16 20:00;34
28.04.16 21:00;30
28.04.16 22:00;26
28.04.16 23:00;25
29.04.16 00:00;23
29.04.16 01:00;22
29.04.16 02:00;22
29.04.16 03:00;23
29.04.16 04:00;26
29.04.16 05:00;30
29.04.16 06:00;28
29.04.16 07:00;22
29.04.16 08:00;20
29.04.16 09:00;20
29.04.16 10:00;19
29.04.16 11:00;20
29.04.16 12:00;20
29.04.16 13:00;22
29.04.16 14:00;22
29.04.16 15:00;26
29.04.16 16:00;30
29.04.16 17:00;34
29.04.16 18:00;35
29.04.16 19:00;33
29.04.16 20:00;30
29.04.16 21:00;27
29.04.16 22:00;24
29.04.16 23:00;24
30.04.16 00:00;24
30.04.16 01:00;25
30.04.16 02:00;24;;
30.04.16 03:00;24;;
30.04.16 04:00;24
30.04.16 05:00;25
30.04.16 06:00;26
30.04.16 07:00;28
30.04.16 08:00;25
30.04.16 09:00;24
30.04.16 10:00;22
30.04.16 11:00;22
30.04.16 12:00;21
30.04.16 13:00;21
30.04.16 14:00;21
30.04.16 15:00;22
30.04.16 16:00;25
30.04.16 17:00;25
30.04.16 18:00;25
30.04.16 19:00;28
30.04.16 20:00;27
30.04.16 21:00;24
30.04.16 22:00;20
30.04.16 23:00;19
01.05.16 00:00;18
01.05.16 01:00;17
01.05.16 02:00;17
01.05.16 03:00;17
01.05.16 04:00;17
01.05.16 05:00;17
01.05.16 06:00;16
01.05.16 07:00;17
01.05.16 08:00;16
01.05.16 09:00;16
01.05.16 10:00;15
01.05.16 11:00;13
01.05.16 12:00;14
01.05.16 13:00;13
01.05.16 14:00;14
01.05.16 15:00;16
01.05.16 16:00;21
01.05.16 17:00;23
01.05.16 18:00;25
01.05.16 19:00;25
01.05.16 20:00;26
01.05.16 21:00;24
01.05.16 22:00;21
01.05.16 23:00;20
02.05.16 00:00;20
02.05.16 01:00;19
02.05.16 02:00;20
02.05.16 03:00;23
02.05.16 04:00;31
02.05.16 05:00;35
02.05.16 06:00;34
02.05.16 07:00;31
02.05.16 08:00;28
02.05.16 09:00;26
02.05.16 10:00;25
02.05.16 11:00;25
02.05.16 12:00;25
02.05.16 13:00;25
02.05.16 14:00;26
02.05.16 15:00;29
02.05.16 16:00;33;;
02.05.16 17:00;35
02.05.16 18:00;35
02.05.16 19:00;34
02.05.16 20:00;31
02.05.16 21:00;27
02.05.16 22:00;23
02.05.16 23:00;22
03.05.16 00:00;21
03.05.16 01:00;21
03.05.16 02:00;21
03.05.16 03:00;23
03.05.16 04:00;30
03.05.16 05:00;33
03.05.16 06:00;36
03.05.16 07:00;35
03.05.16 08:00;35
03.05.16 09:00;34
03.05.16 10:00;31
03.05.16 11:00;26
03.05.16 12:00;24
03.05.16 13:00;24
03.05.16 14:00;23
03.05.16 15:00;25
03.05.16 16:00;28
03.05.16 17:00;31
03.05.16 18:00;32
03.05.16 19:00;32
03.05.16 20:00;30
03.05.16 21:00;24
03.05.16 22:00;22
03.05.16 23:00;21
04.05.16 00:00;21
04.05.16 01:00;21
04.05.16 02:00;22
04.05.16 03:00;23
04.05.16 04:00;31
04.05.16 05:00;35
04.05.16 06:00;35
04.05.16 07:00;32
04.05.16 08:00;28
04.05.16 09:00;27
04.05.16 10:00;25
04.05.16 11:00;24
04.05.16 12:00;24
04.05.16 13:00;23
04.05.16 14:00;23
04.05.16 15:00;25
04.05.16 16:00;28
04.05.16 17:00;31
04.05.16 18:00;32;;
04.05.16 19:00;32
04.05.16 20:00;31
04.05.16 21:00;27
04.05.16 22:00;23
04.05.16 23:00;21
05.05.16 00:00;21
05.05.16 01:00;20
05.05.16 02:00;19
05.05.16 03:00;19
05.05.16 04:00;19
05.05.16 05:00;20
05.05.16 06:00;20;;
05.05.16 07:00;19
05.05.16 08:00;19
05.05.16 09:00;17
05.05.16 10:00;16
05.05.16 11:00;13
05.05.16 12:00;10
05.05.16 13:00;10
05.05.16 14:00;13
05.05.16 15:00;17
05.05.16 16:00;20
05.05.16 17:00;24
05.05.16 18:00;24
05.05.16 19:00;24
05.05.16 20:00;25
05.05.16 21:00;21
05.05.16 22:00;20
05.05.16 23:00;19
06.05.16 00:00;18
06.05.16 01:00;17
06.05.16 02:00;19
06.05.16 03:00;20;;
06.05.16 04:00;24
06.05.16 05:00;30
06.05.16 06:00;30
06.05.16 07:00;29
06.05.16 08:00;24
06.05.16 09:00;22
06.05.16 10:00;19
06.05.16 11:00;14
06.05.16 12:00;11
06.05.16 13:00;14
06.05.16 14:00;17
06.05.16 15:00;21
06.05.16 16:00;27
06.05.16 17:00;30
06.05.16 18:00;28
06.05.16 19:00;27
06.05.16 20:00;25
06.05.16 21:00;21
06.05.16 22:00;19
06.05.16 23:00;16
07.05.16 00:00;14
07.05.16 01:00;14
07.05.16 02:00;14
07.05.16 03:00;15
07.05.16 04:00;16
07.05.16 05:00;19
07.05.16 06:00;19
07.05.16 07:00;19
07.05.16 08:00;13
07.05.16 09:00;10
07.05.16 10:00;6
07.05.16 11:00;5
07.05.16 12:00;3
07.05.16 13:00;3
07.05.16 14:00;8
07.05.16 15:00;13
07.05.16 16:00;19
07.05.16 17:00;21
07.05.16 18:00;19
07.05.16 19:00;19
07.05.16 20:00;19
07.05.16 21:00;18
07.05.16 22:00;14
07.05.16 23:00;10
08.05.16 00:00;7
08.05.16 01:00;5
08.05.16 02:00;4;;
08.05.16 03:00;3;;
08.05.16 04:00;2
08.05.16 05:00;2
08.05.16 06:00;4;;
08.05.16 07:00;2
08.05.16 08:00;-1
08.05.16 09:00;-7
08.05.16 10:00;-76
08.05.16 11:00;-100
08.05.16 12:00;-130
08.05.16 13:00;-82
08.05.16 14:00;-76;;
08.05.16 15:00;-0
08.05.16 16:00;10
08.05.16 17:00;19
08.05.16 18:00;19
08.05.16 19:00;20
08.05.16 20:00;20
08.05.16 21:00;18
08.05.16 22:00;14
08.05.16 23:00;12
09.05.16 00:00;12
09.05.16 01:00;9
09.05.16 02:00;11;;
09.05.16 03:00;14
09.05.16 04:00;28
09.05.16 05:00;32
09.05.16 06:00;34
09.05.16 07:00;31
09.05.16 08:00;24
09.05.16 09:00;22
09.05.16 10:00;17
09.05.16 11:00;12
09.05.16 12:00;10
09.05.16 13:00;18
09.05.16 14:00;21;;
09.05.16 15:00;23
09.05.16 16:00;27
09.05.16 17:00;31
09.05.16 18:00;31
09.05.16 19:00;30;;
09.05.16 20:00;24
09.05.16 21:00;21
09.05.16 22:00;22
09.05.16 23:00;21
10.05.16 00:00;19
10.05.16 01:00;19
10.05.16 02:00;19
10.05.16 03:00;21
10.05.16 04:00;28
10.05.16 05:00;31
10.05.16 06:00;36
10.05.16 07:00;34
10.05.16 08:00;29
10.05.16 09:00;25
10.05.16 10:00;23
10.05.16 11:00;23
10.05.16 12:00;23
10.05.16 13:00;27
10.05.16 14:00;28
10.05.16 15:00;30
10.05.16 16:00;31
10.05.16 17:00;32
10.05.16 18:00;32
10.05.16 19:00;31
10.05.16 20:00;29
10.05.16 21:00;22
10.05.16 22:00;22
10.05.16 23:00;20
11.05.16 00:00;19
11.05.16 01:00;19
11.05.16 02:00;19
11.05.16 03:00;21
11.05.16 04:00;28
11.05.16 05:00;35
11.05.16 06:00;39
11.05.16 07:00;34
11.05.16 08:00;29
11.05.16 09:00;24
11.05.16 10:00;22
11.05.16 11:00;20
11.05.16 12:00;20
11.05.16 13:00;21
11.05.16 14:00;22
11.05.16 15:00;23
11.05.16 16:00;25
11.05.16 17:00;31
11.05.16 18:00;29
11.05.16 19:00;25
11.05.16 20:00;22
11.05.16 21:00;19
11.05.16 22:00;19
11.05.16 23:00;17
12.05.16 00:00;14
12.05.16 01:00;14;;
12.05.16 02:00;13
12.05.16 03:00;18
12.05.16 04:00;24
12.05.16 05:00;30
12.05.16 06:00;34
12.05.16 07:00;30
12.05.16 08:00;28
12.05.16 09:00;26
12.05.16 10:00;25
12.05.16 11:00;24
12.05.16 12:00;24
12.05.16 13:00;25
12.05.16 14:00;25
12.05.16 15:00;27
12.05.16 16:00;29
12.05.16 17:00;32
12.05.16 18:00;32
12.05.16 19:00;31
12.05.16 20:00;29
12.05.16 21:00;25
12.05.16 22:00;23
12.05.16 23:00;21
13.05.16 00:00;21
13.05.16 01:00;20
13.05.16 02:00;21
13.05.16 03:00;23;;
13.05.16 04:00;28
13.05.16 05:00;36
13.05.16 06:00;40
13.05.16 07:00;38
13.05.16 08:00;35
13.05.16 09:00;35
13.05.16 10:00;30
13.05.16 11:00;27
13.05.16 12:00;25
13.05.16 13:00;23
13.05.16 14:00;23
13.05.16 15:00;24
13.05.16 16:00;26
13.05.16 17:00;29;;
13.05.16 18:00;27
13.05.16 19:00;25
13.05.16 20:00;26
13.05.16 21:00;23
13.05.16 22:00;13
13.05.16 23:00;13
14.05.16 00:00;11
14.05.16 01:00;9
14.05.16 02:00;10
14.05.16 03:00;10
14.05.16 04:00;9
14.05.16 05:00;11
14.05.16 06:00;15
14.05.16 07:00;14
14.05.16 08:00;11
14.05.16 09:00;11
14.05.16 10:00;10
14.05.16 11:00;8
14.05.16 12:00;7
14.05.16 13:00;4
14.05.16 14:00;4
14.05.16 15:00;9
14.05.16 16:00;15
14.05.16 17:00;20
14.05.16 18:00;20
14.05.16 19:00;19
14.05.16 20:00;23
14.05.16 21:00;20
14.05.16 22:00;20;;
14.05.16 23:00;12
15.05.16 00:00;11
15.05.16 01:00;9
15.05.16 02:00;9
15.05.16 03:00;9
15.05.16 04:00;7
15.05.16 05:00;5
15.05.16 06:00;5
15.05.16 07:00;4
15.05.16 08:00;3
15.05.16 09:00;3
15.05.16 10:00;0
15.05.16 11:00;-9
15.05.16 12:00;-35
15.05.16 13:00;-8
15.05.16 14:00;-2
15.05.16 15:00;2
15.05.16 16:00;14
15.05.16 17:00;21
15.05.16 18:00;21
15.05.16 19:00;22
15.05.16 20:00;24
15.05.16 21:00;22
15.05.16 22:00;17
15.05.16 23:00;16
16.05.16 00:00;16
16.05.16 01:00;15
16.05.16 02:00;14
16.05.16 03:00;15
16.05.16 04:00;16
16.05.16 05:00;19
16.05.16 06:00;22
16.05.16 07:00;22
16.05.16 08:00;23
16.05.16 09:00;23
16.05.16 10:00;22
16.05.16 11:00;18
16.05.16 12:00;16
16.05.16 13:00;16
16.05.16 14:00;17
16.05.16 15:00;18
16.05.16 16:00;24;;
16.05.16 17:00;27
16.05.16 18:00;28
16.05.16 19:00;31
16.05.16 20:00;29
16.05.16 21:00;24
16.05.16 22:00;30;;
16.05.16 23:00;24;;
17.05.16 00:00;22
17.05.16 01:00;21
17.05.16 02:00;21
17.05.16 03:00;22
17.05.16 04:00;29
17.05.16 05:00;36
17.05.16 06:00;38;;
17.05.16 07:00;30
17.05.16 08:00;28
17.05.16 09:00;32
17.05.16 10:00;31
17.05.16 11:00;30
17.05.16 12:00;29
17.05.16 13:00;30;;
17.05.16 14:00;30
17.05.16 15:00;30
17.05.16 16:00;34
17.05.16 17:00;34
17.05.16 18:00;36
17.05.16 19:00;37
17.05.16 20:00;33
17.05.16 21:00;29;;
17.05.16 22:00;24
17.05.16 23:00;24
18.05.16 00:00;23
18.05.16 01:00;22
18.05.16 02:00;23
18.05.16 03:00;24
18.05.16 04:00;31
18.05.16 05:00;37
18.05.16 06:00;39
18.05.16 07:00;35
18.05.16 08:00;32
18.05.16 09:00;30
18.05.16 10:00;31
18.05.16 11:00;30
18.05.16 12:00;30
18.05.16 13:00;30
18.05.16 14:00;31
18.05.16 15:00;31
18.05.16 16:00;33
18.05.16 17:00;34
18.05.16 18:00;34
18.05.16 19:00;34
18.05.16 20:00;33
18.05.16 21:00;27
18.05.16 22:00;24
18.05.16 23:00;22
19.05.16 00:00;22
19.05.16 01:00;21
19.05.16 02:00;22
19.05.16 03:00;23
19.05.16 04:00;31
19.05.16 05:00;39
19.05.16 06:00;46;;
19.05.16 07:00;44
19.05.16 08:00;45;;
19.05.16 09:00;44
19.05.16 10:00;40
19.05.16 11:00;38
19.05.16 12:00;35;;
19.05.16 13:00;33
19.05.16 14:00;31
19.05.16 15:00;32
19.05.16 16:00;34;;
19.05.16 17:00;36
19.05.16 18:00;34
19.05.16 19:00;33
19.05.16 20:00;32
19.05.16 21:00;29
19.05.16 22:00;24
19.05.16 23:00;23
20.05.16 00:00;21
20.05.16 01:00;21
20.05.16 02:00;21
20.05.16 03:00;23
20.05.16 04:00;27
20.05.16 05:00;33
20.05.16 06:00;34
20.05.16 07:00;31
20.05.16 08:00;27
20.05.16 09:00;26
20.05.16 10:00;24
20.05.16 11:00;24
20.05.16 12:00;24
20.05.16 13:00;24
20.05.16 14:00;24
20.05.16 15:00;28
20.05.16 16:00;32
20.05.16 17:00;33
20.05.16 18:00;34
20.05.16 19:00;33
20.05.16 20:00;33
20.05.16 21:00;27
20.05.16 22:00;24
20.05.16 23:00;23
21.05.16 00:00;22
21.05.16 01:00;21
21.05.16 02:00;21
21.05.16 03:00;20
21.05.16 04:00;20
21.05.16 05:00;22
21.05.16 06:00;23
21.05.16 07:00;22
21.05.16 08:00;20
21.05.16 09:00;18
21.05.16 10:00;16
21.05.16 11:00;15
21.05.16 12:00;15
21.05.16 13:00;13
21.05.16 14:00;17
21.05.16 15:00;19
21.05.16 16:00;23
21.05.16 17:00;26
21.05.16 18:00;30
21.05.16 19:00;31
21.05.16 20:00;28
21.05.16 21:00;23
21.05.16 22:00;17
21.05.16 23:00;10
22.05.16 00:00;7
22.05.16 01:00;4
22.05.16 02:00;2
22.05.16 03:00;0
22.05.16 04:00;-1;;
22.05.16 05:00;0
22.05.16 06:00;2
22.05.16 07:00;-0
22.05.16 08:00;-1
22.05.16 09:00;-0
22.05.16 10:00;-5
22.05.16 11:00;-25
22.05.16 12:00;-10
22.05.16 13:00;-7
22.05.16 14:00;-5
22.05.16 15:00;2
22.05.16 16:00;21
22.05.16 17:00;23
22.05.16 18:00;25
22.05.16 19:00;26
22.05.16 20:00;27
22.05.16 21:00;22
22.05.16 22:00;22
22.05.16 23:00;20
23.05.16 00:00;19
23.05.16 01:00;18
23.05.16 02:00;19
23.05.16 03:00;20
23.05.16 04:00;28
23.05.16 05:00;34
23.05.16 06:00;35
23.05.16 07:00;33
23.05.16 08:00;36;;
23.05.16 09:00;35
23.05.16 10:00;33
23.05.16 11:00;33
23.05.16 12:00;32
23.05.16 13:00;32
23.05.16 14:00;31
23.05.16 15:00;31
23.05.16 16:00;32
23.05.16 17:00;33
23.05.16 18:00;33
23.05.16 19:00;31
23.05.16 20:00;24
23.05.16 21:00;22
23.05.16 22:00;21
23.05.16 23:00;21
24.05.16 00:00;20
24.05.16 01:00;20;;
24.05.16 02:00;20
24.05.16 03:00;22
24.05.16 04:00;26
24.05.16 05:00;34
24.05.16 06:00;37
24.05.16 07:00;36
24.05.16 08:00;36
24.05.16 09:00;36
24.05.16 10:00;33
24.05.16 11:00;33;;
24.05.16 12:00;32
24.05.16 13:00;30
24.05.16 14:00;29
24.05.16 15:00;29
24.05.16 16:00;31
24.05.16 17:00;32
24.05.16 18:00;31
24.05.16 19:00;32
24.05.16 20:00;30
24.05.16 21:00;24
24.05.16 22:00;22
24.05.16 23:00;22
25.05.16 00:00;21
25.05.16 01:00;21;;
25.05.16 02:00;21
25.05.16 03:00;22
25.05.16 04:00;30
25.05.16 05:00;35
25.05.16 06:00;39
25.05.16 07:00;34
25.05.16 08:00;34
25.05.16 09:00;33
25.05.16 10:00;31
25.05.16 11:00;28
25.05.16 12:00;30
25.05.16 13:00;30
25.05.16 14:00;30
25.05.16 15:00;32
25.05.16 16:00;35
25.05.16 17:00;36
25.05.16 18:00;36
25.05.16 19:00;35
25.05.16 20:00;34
25.05.16 21:00;28
25.05.16 22:00;25
25.05.16 23:00;24
26.05.16 00:00;23
26.05.16 01:00;23
26.05.16 02:00;23
26.05.16 03:00;23
26.05.16 04:00;26
26.05.16 05:00;30
26.05.16 06:00;30
26.05.16 07:00;27
26.05.16 08:00;25
26.05.16 09:00;24
26.05.16 10:00;25
26.05.16 11:00;24
26.05.16 12:00;24
26.05.16 13:00;25
26.05.16 14:00;25
26.05.16 15:00;28
26.05.16 16:00;34;;
26.05.16 17:00;35
26.05.16 18:00;34
26.05.16 19:00;32
26.05.16 20:00;33
26.05.16 21:00;26
26.05.16 22:00;24
26.05.16 23:00;23
27.05.16 00:00;21
27.05.16 01:00;20
27.05.16 02:00;21
27.05.16 03:00;23
27.05.16 04:00;27
27.05.16 05:00;32
27.05.16 06:00;35
27.05.16 07:00;34
27.05.16 08:00;32
27.05.16 09:00;32
27.05.16 10:00;30
27.05.16 11:00;27
27.05.16 12:00;26
27.05.16 13:00;26
27.05.16 14:00;27
27.05.16 15:00;30
27.05.16 16:00;32
27.05.16 17:00;33
27.05.16 18:00;32
27.05.16 19:00;31
27.05.16 20:00;30
27.05.16 21:00;25
27.05.16 22:00;28
27.05.16 23:00;24
28.05.16 00:00;22
28.05.16 01:00;22
28.05.16 02:00;21
28.05.16 03:00;21
28.05.16 04:00;22
28.05.16 05:00;24
28.05.16 06:00;26
28.05.16 07:00;26
28.05.16 08:00;24
28.05.16 09:00;23
28.05.16 10:00;22
28.05.16 11:00;22
28.05.16 12:00;21
28.05.16 13:00;20
28.05.16 14:00;20;;
28.05.16 15:00;22
28.05.16 16:00;25
28.05.16 17:00;26
28.05.16 18:00;27
28.05.16 19:00;25
28.05.16 20:00;23
28.05.16 21:00;22
28.05.16 22:00;18
28.05.16 23:00;13
29.05.16 00:00;12
29.05.16 01:00;13
29.05.16 02:00;8
29.05.16 03:00;6
29.05.16 04:00;10
29.05.16 05:00;13
29.05.16 06:00;14
29.05.16 07:00;15
29.05.16 08:00;12
29.05.16 09:00;14
29.05.16 10:00;10
29.05.16 11:00;8
29.05.16 12:00;4
29.05.16 13:00;3
29.05.16 14:00;5
29.05.16 15:00;8
29.05.16 16:00;18
29.05.16 17:00;21
29.05.16 18:00;22
29.05.16 19:00;23
29.05.16 20:00;23
29.05.16 21:00;19
29.05.16 22:00;18
29.05.16 23:00;13
30.05.16 00:00;12
30.05.16 01:00;11
30.05.16 02:00;11
30.05.16 03:00;18
30.05.16 04:00;26
30.05.16 05:00;34
30.05.16 06:00;35
30.05.16 07:00;35
30.05.16 08:00;34
30.05.16 09:00;34
30.05.16 10:00;29;;
30.05.16 11:00;26
30.05.16 12:00;25
30.05.16 13:00;24
30.05.16 14:00;25
30.05.16 15:00;25
30.05.16 16:00;28
30.05.16 17:00;28
30.05.16 18:00;25
30.05.16 19:00;24
30.05.16 20:00;23
30.05.16 21:00;21
30.05.16 22:00;21
30.05.16 23:00;19
31.05.16 00:00;16
31.05.16 01:00;16
31.05.16 02:00;17
31.05.16 03:00;20
31.05.16 04:00;24
31.05.16 05:00;32
31.05.16 06:00;35
31.05.16 07:00;35
31.05.16 08:00;34
31.05.16 09:00;35
31.05.16 10:00;32
31.05.16 11:00;30
31.05.16 12:00;30
31.05.16 13:00;28
31.05.16 14:00;29
31.05.16 15:00;32
31.05.16 16:00;34
31.05.16 17:00;35
31.05.16 18:00;32
31.05.16 19:00;31
31.05.16 20:00;30
31.05.16 21:00;26
31.05.16 22:00;24;;
31.05.16 23:00;22
01.06.16 00:00;21
01.06.16 01:00;20
01.06.16 02:00;20
01.06.16 03:00;23
01.06.16 04:00;29
01.06.16 05:00;37
01.06.16 06:00;40
01.06.16 07:00;41;;
01.06.16 08:00;40
01.06.16 09:00;40
01.06.16 10:00;36
01.06.16 11:00;32
01.06.16 12:00;30
01.06.16 13:00;28
01.06.16 14:00;28
01.06.16 15:00;30
01.06.16 16:00;32
01.06.16 17:00;32
01.06.16 18:00;30
01.06.16 19:00;29
01.06.16 20:00;30
01.06.16 21:00;26
01.06.16 22:00;21
01.06.16 23:00;20
02.06.16 00:00;20
02.06.16 01:00;20;;
02.06.16 02:00;20;;
02.06.16 03:00;22
02.06.16 04:00;29
02.06.16 05:00;37
02.06.16 06:00;39
02.06.16 07:00;37
02.06.16 08:00;37
02.06.16 09:00;36
02.06.16 10:00;32
02.06.16 11:00;28
02.06.16 12:00;26
02.06.16 13:00;25
02.06.16 14:00;25
02.06.16 15:00;28
02.06.16 16:00;31
02.06.16 17:00;32
02.06.16 18:00;31
02.06.16 19:00;29
02.06.16 20:00;29
02.06.16 21:00;24
02.06.16 22:00;24
02.06.16 23:00;21
03.06.16 00:00;21
03.06.16 01:00;20
03.06.16 02:00;20
03.06.16 03:00;22
03.06.16 04:00;27
03.06.16 05:00;35
03.06.16 06:00;40
03.06.16 07:00;39
03.06.16 08:00;36
03.06.16 09:00;35
03.06.16 10:00;30
03.06.16 11:00;27
03.06.16 12:00;25
03.06.16 13:00;25
03.06.16 14:00;25
03.06.16 15:00;28;;
03.06.16 16:00;31
03.06.16 17:00;33
03.06.16 18:00;31
03.06.16 19:00;30
03.06.16 20:00;32
03.06.16 21:00;28
03.06.16 22:00;23
03.06.16 23:00;23
04.06.16 00:00;21
04.06.16 01:00;21
04.06.16 02:00;21
04.06.16 03:00;21
04.06.16 04:00;21
04.06.16 05:00;23
04.06.16 06:00;27
04.06.16 07:00;28
04.06.16 08:00;26
04.06.16 09:00;26
04.06.16 10:00;25
04.06.16 11:00;22
04.06.16 12:00;21
04.06.16 13:00;21
04.06.16 14:00;21
04.06.16 15:00;25
04.06.16 16:00;28
04.06.16 17:00;30
04.06.16 18:00;29
04.06.16 19:00;29
04.06.16 20:00;30
04.06.16 21:00;28
04.06.16 22:00;24
04.06.16 23:00;22;;
05.06.16 00:00;20
05.06.16 01:00;19
05.06.16 02:00;18
05.06.16 03:00;16
05.06.16 04:00;16
05.06.16 05:00;17
05.06.16 06:00;17
05.06.16 07:00;17
05.06.16 08:00;17
05.06.16 09:00;18
05.06.16 10:00;17
05.06.16 11:00;15
05.06.16 12:00;14
05.06.16 13:00;14
05.06.16 14:00;14
05.06.16 15:00;18
05.06.16 16:00;23
05.06.16 17:00;26
05.06.16 18:00;28
05.06.16 19:00;29
05.06.16 20:00;30
05.06.16 21:00;27
05.06.16 22:00;24
05.06.16 23:00;22
06.06.16 00:00;21
06.06.16 01:00;21
06.06.16 02:00;21
06.06.16 03:00;22
06.06.16 04:00;29
06.06.16 05:00;36
06.06.16 06:00;37
06.06.16 07:00;34
06.06.16 08:00;32
06.06.16 09:00;31
06.06.16 10:00;28
06.06.16 11:00;28
06.06.16 12:00;28
06.06.16 13:00;29
06.06.16 14:00;30
06.06.16 15:00;34
06.06.16 16:00;38
06.06.16 17:00;41
06.06.16 18:00;37
06.06.16 19:00;34
06.06.16 20:00;33
06.06.16 21:00;28
06.06.16 22:00;24
06.06.16 23:00;23
07.06.16 00:00;22
07.06.16 01:00;21
07.06.16 02:00;21
07.06.16 03:00;22
07.06.16 04:00;29
07.06.16 05:00;35
07.06.16 06:00;39
07.06.16 07:00;34
07.06.16 08:00;29
07.06.16 09:00;28
07.06.16 10:00;25
07.06.16 11:00;25
07.06.16 12:00;25
07.06.16 13:00;26
07.06.16 14:00;27
07.06.16 15:00;32
07.06.16 16:00;36
07.06.16 17:00;38
07.06.16 18:00;34
07.06.16 19:00;32
07.06.16 20:00;32
07.06.16 21:00;27
07.06.16 22:00;25
07.06.16 23:00;23
08.06.16 00:00;22
08.06.16 01:00;21
08.06.16 02:00;21
08.06.16 03:00;23
08.06.16 04:00;28
08.06.16 05:00;35
08.06.16 06:00;41
08.06.16 07:00;37
08.06.16 08:00;34
08.06.16 09:00;32
08.06.16 10:00;28
08.06.16 11:00;27
08.06.16 12:00;27
08.06.16 13:00;26
08.06.16 14:00;26;;
08.06.16 15:00;28
08.06.16 16:00;30
08.06.16 17:00;32
08.06.16 18:00;32
08.06.16 19:00;32
08.06.16 20:00;30
08.06.16 21:00;26
08.06.16 22:00;23
08.06.16 23:00;21
09.06.16 00:00;20
09.06.16 01:00;20
09.06.16 02:00;21
09.06.16 03:00;23
09.06.16 04:00;28
09.06.16 05:00;33
09.06.16 06:00;43
09.06.16 07:00;44;;
09.06.16 08:00;42
09.06.16 09:00;41
09.06.16 10:00;34
09.06.16 11:00;33
09.06.16 12:00;30
09.06.16 13:00;27
09.06.16 14:00;27
09.06.16 15:00;28
09.06.16 16:00;32
09.06.16 17:00;34
09.06.16 18:00;33
09.06.16 19:00;31
09.06.16 20:00;30
09.06.16 21:00;25
09.06.16 22:00;23
09.06.16 23:00;21
10.06.16 00:00;21
10.06.16 01:00;19
10.06.16 02:00;19
10.06.16 03:00;20
10.06.16 04:00;27
10.06.16 05:00;33
10.06.16 06:00;35
10.06.16 07:00;30
10.06.16 08:00;24
10.06.16 09:00;24
10.06.16 10:00;22
10.06.16 11:00;21
10.06.16 12:00;21
10.06.16 13:00;21
10.06.16 14:00;23
10.06.16 15:00;26
10.06.16 16:00;30
10.06.16 17:00;32
10.06.16 18:00;32
10.06.16 19:00;31
10.06.16 20:00;32
10.06.16 21:00;29
10.06.16 22:00;26
10.06.16 23:00;24
11.06.16 00:00;23
11.06.16 01:00;21
11.06.16 02:00;21
11.06.16 03:00;21
11.06.16 04:00;21
11.06.16 05:00;22
11.06.16 06:00;26
11.06.16 07:00;29
11.06.16 08:00;29
11.06.16 09:00;30
11.06.16 10:00;28
11.06.16 11:00;25
11.06.16 12:00;23
11.06.16 13:00;23
11.06.16 14:00;24
11.06.16 15:00;27
11.06.16 16:00;30
11.06.16 17:00;31
11.06.16 18:00;31
11.06.16 19:00;29
11.06.16 20:00;30
11.06.16 21:00;27
11.06.16 22:00;22
11.06.16 23:00;18
12.06.16 00:00;18
12.06.16 01:00;18
12.06.16 02:00;18
12.06.16 03:00;17
12.06.16 04:00;17
12.06.16 05:00;19
12.06.16 06:00;21
12.06.16 07:00;22
12.06.16 08:00;21
12.06.16 09:00;25
12.06.16 10:00;22
12.06.16 11:00;19
12.06.16 12:00;18
12.06.16 13:00;19
12.06.16 14:00;21
12.06.16 15:00;23
12.06.16 16:00;27
12.06.16 17:00;29
12.06.16 18:00;31
12.06.16 19:00;29
12.06.16 20:00;29
12.06.16 21:00;23
12.06.16 22:00;21
12.06.16 23:00;19
13.06.16 00:00;17
13.06.16 01:00;18
13.06.16 02:00;18
13.06.16 03:00;21
13.06.16 04:00;27
13.06.16 05:00;33
13.06.16 06:00;37
13.06.16 07:00;39
13.06.16 08:00;38
13.06.16 09:00;39
13.06.16 10:00;34
13.06.16 11:00;32
13.06.16 12:00;31
13.06.16 13:00;30
13.06.16 14:00;29
13.06.16 15:00;30
13.06.16 16:00;31
13.06.16 17:00;32
13.06.16 18:00;32
13.06.16 19:00;29
13.06.16 20:00;29
13.06.16 21:00;26
13.06.16 22:00;24
13.06.16 23:00;22
14.06.16 00:00;21
14.06.16 01:00;21
14.06.16 02:00;22
14.06.16 03:00;23;;
14.06.16 04:00;27
14.06.16 05:00;35
14.06.16 06:00;38
14.06.16 07:00;38
14.06.16 08:00;37
14.06.16 09:00;35
14.06.16 10:00;32;;
14.06.16 11:00;29
14.06.16 12:00;27
14.06.16 13:00;27
14.06.16 14:00;28
14.06.16 15:00;32
14.06.16 16:00;35
14.06.16 17:00;37
14.06.16 18:00;36;;
14.06.16 19:00;32
14.06.16 20:00;30
14.06.16 21:00;26
14.06.16 22:00;26
14.06.16 23:00;25
15.06.16 00:00;24
15.06.16 01:00;23
15.06.16 02:00;23
15.06.16 03:00;25
15.06.16 04:00;28
15.06.16 05:00;35
15.06.16 06:00;38
15.06.16 07:00;36
15.06.16 08:00;35
15.06.16 09:00;35
15.06.16 10:00;30
15.06.16 11:00;28
15.06.16 12:00;27
15.06.16 13:00;27
15.06.16 14:00;29
15.06.16 15:00;31;;
15.06.16 16:00;34
15.06.16 17:00;36
15.06.16 18:00;35
15.06.16 19:00;33
15.06.16 20:00;33
15.06.16 21:00;27
15.06.16 22:00;26
15.06.16 23:00;25
16.06.16 00:00;24
16.06.16 01:00;23
16.06.16 02:00;23
16.06.16 03:00;24
16.06.16 04:00;29
16.06.16 05:00;37
16.06.16 06:00;39
16.06.16 07:00;35
16.06.16 08:00;34
16.06.16 09:00;33
16.06.16 10:00;29
16.06.16 11:00;26
16.06.16 12:00;27
16.06.16 13:00;28
16.06.16 14:00;31
16.06.16 15:00;33
16.06.16 16:00;34
16.06.16 17:00;35
16.06.16 18:00;35
16.06.16 19:00;33
16.06.16 20:00;31
16.06.16 21:00;26
16.06.16 22:00;25
16.06.16 23:00;23
17.06.16 00:00;22
17.06.16 01:00;21
17.06.16 02:00;21
17.06.16 03:00;22
17.06.16 04:00;27
17.06.16 05:00;35
17.06.16 06:00;39
17.06.16 07:00;37
17.06.16 08:00;34
17.06.16 09:00;33
17.06.16 10:00;28
17.06.16 11:00;24
17.06.16 12:00;23
17.06.16 13:00;23
17.06.16 14:00;23
17.06.16 15:00;26
17.06.16 16:00;30
17.06.16 17:00;32
17.06.16 18:00;30
17.06.16 19:00;28
17.06.16 20:00;29
17.06.16 21:00;26
17.06.16 22:00;23
17.06.16 23:00;22
18.06.16 00:00;21
18.06.16 01:00;20
18.06.16 02:00;20
18.06.16 03:00;18
18.06.16 04:00;20
18.06.16 05:00;22
18.06.16 06:00;24
18.06.16 07:00;23;;
18.06.16 08:00;21
18.06.16 09:00;21
18.06.16 10:00;16
18.06.16 11:00;12
18.06.16 12:00;15
18.06.16 13:00;18
18.06.16 14:00;21
18.06.16 15:00;23
18.06.16 16:00;26
18.06.16 17:00;27
18.06.16 18:00;26
18.06.16 19:00;26
18.06.16 20:00;28;;
18.06.16 21:00;24
18.06.16 22:00;20
18.06.16 23:00;15
19.06.16 00:00;13
19.06.16 01:00;10
19.06.16 02:00;15
19.06.16 03:00;13
19.06.16 04:00;10
19.06.16 05:00;10
19.06.16 06:00;14
19.06.16 07:00;16
19.06.16 08:00;17
19.06.16 09:00;19
19.06.16 10:00;17
19.06.16 11:00;11
19.06.16 12:00;9
19.06.16 13:00;8
19.06.16 14:00;11
19.06.16 15:00;19
19.06.16 16:00;22
19.06.16 17:00;26
19.06.16 18:00;27
19.06.16 19:00;29
19.06.16 20:00;29
19.06.16 21:00;27
19.06.16 22:00;24
19.06.16 23:00;21
20.06.16 00:00;20
20.06.16 01:00;17
20.06.16 02:00;17
20.06.16 03:00;19
20.06.16 04:00;28
20.06.16 05:00;34
20.06.16 06:00;34
20.06.16 07:00;29
20.06.16 08:00;26
20.06.16 09:00;26
20.06.16 10:00;25
20.06.16 11:00;25
20.06.16 12:00;25
20.06.16 13:00;25
20.06.16 14:00;25
20.06.16 15:00;27
20.06.16 16:00;32
20.06.16 17:00;34
20.06.16 18:00;33
20.06.16 19:00;31
20.06.16 20:00;30
20.06.16 21:00;25
20.06.16 22:00;24
20.06.16 23:00;23
21.06.16 00:00;22
21.06.16 01:00;21
21.06.16 02:00;21
21.06.16 03:00;23
21.06.16 04:00;29
21.06.16 05:00;38
21.06.16 06:00;40
21.06.16 07:00;42
21.06.16 08:00;41
21.06.16 09:00;43
21.06.16 10:00;39
21.06.16 11:00;37
21.06.16 12:00;35
21.06.16 13:00;34
21.06.16 14:00;32
21.06.16 15:00;33
21.06.16 16:00;34
21.06.16 17:00;35
21.06.16 18:00;37
21.06.16 19:00;34
21.06.16 20:00;33
21.06.16 21:00;30;;
21.06.16 22:00;28
21.06.16 23:00;24
22.06.16 00:00;23
22.06.16 01:00;23
22.06.16 02:00;22
22.06.16 03:00;24
22.06.16 04:00;29
22.06.16 05:00;40;;
22.06.16 06:00;42;;
22.06.16 07:00;40;;
22.06.16 08:00;37
22.06.16 09:00;36
22.06.16 10:00;33
22.06.16 11:00;30
22.06.16 12:00;28
22.06.16 13:00;28
22.06.16 14:00;30
22.06.16 15:00;33
22.06.16 16:00;38
22.06.16 17:00;39
22.06.16 18:00;38
22.06.16 19:00;37
22.06.16 20:00;35
22.06.16 21:00;30
22.06.16 22:00;28
22.06.16 23:00;25
23.06.16 00:00;24
23.06.16 01:00;23
23.06.16 02:00;23
23.06.16 03:00;24
23.06.16 04:00;28
23.06.16 05:00;35
23.06.16 06:00;35
23.06.16 07:00;34
23.06.16 08:00;29
23.06.16 09:00;27
23.06.16 10:00;25
23.06.16 11:00;25
23.06.16 12:00;25
23.06.16 13:00;25
23.06.16 14:00;27
23.06.16 15:00;30
23.06.16 16:00;35
23.06.16 17:00;40
23.06.16 18:00;38
23.06.16 19:00;32
23.06.16 20:00;30
23.06.16 21:00;26
23.06.16 22:00;26
23.06.16 23:00;24
24.06.16 00:00;24
24.06.16 01:00;23
24.06.16 02:00;23
24.06.16 03:00;26
24.06.16 04:00;31
24.06.16 05:00;37
24.06.16 06:00;38
24.06.16 07:00;34
24.06.16 08:00;31
24.06.16 09:00;30
24.06.16 10:00;29
24.06.16 11:00;28
24.06.16 12:00;28
24.06.16 13:00;28
24.06.16 14:00;29
24.06.16 15:00;31
24.06.16 16:00;34
24.06.16 17:00;35
24.06.16 18:00;34
24.06.16 19:00;33
24.06.16 20:00;34
24.06.16 21:00;32
24.06.16 22:00;30
24.06.16 23:00;28
25.06.16 00:00;26
25.06.16 01:00;24
25.06.16 02:00;23
25.06.16 03:00;23;;
25.06.16 04:00;24;;
25.06.16 05:00;26
25.06.16 06:00;30
25.06.16 07:00;32
25.06.16 08:00;33
25.06.16 09:00;32
25.06.16 10:00;30
25.06.16 11:00;27
25.06.16 12:00;25
25.06.16 13:00;24
25.06.16 14:00;24
25.06.16 15:00;27
25.06.16 16:00;29
25.06.16 17:00;30
25.06.16 18:00;29
25.06.16 19:00;28
25.06.16 20:00;29
25.06.16 21:00;27
25.06.16 22:00;17
25.06.16 23:00;12
26.06.16 00:00;14
26.06.16 01:00;13
26.06.16 02:00;13
26.06.16 03:00;12
26.06.16 04:00;11
26.06.16 05:00;12
26.06.16 06:00;13
26.06.16 07:00;13
26.06.16 08:00;9
26.06.16 09:00;12
26.06.16 10:00;12
26.06.16 11:00;9
26.06.16 12:00;8
26.06.16 13:00;9
26.06.16 14:00;11
26.06.16 15:00;15
26.06.16 16:00;23
26.06.16 17:00;26
26.06.16 18:00;29
26.06.16 19:00;28
26.06.16 20:00;31
26.06.16 21:00;28
26.06.16 22:00;24
26.06.16 23:00;20
27.06.16 00:00;19
27.06.16 01:00;16
27.06.16 02:00;16
27.06.16 03:00;19
27.06.16 04:00;27
27.06.16 05:00;33
27.06.16 06:00;34
27.06.16 07:00;31
27.06.16 08:00;26
27.06.16 09:00;26
27.06.16 10:00;24
27.06.16 11:00;25
27.06.16 12:00;24
27.06.16 13:00;25
27.06.16 14:00;25
27.06.16 15:00;28
27.06.16 16:00;34
27.06.16 17:00;39
27.06.16 18:00;38
27.06.16 19:00;36
27.06.16 20:00;36
27.06.16 21:00;31
27.06.16 22:00;26
27.06.16 23:00;24
28.06.16 00:00;24
28.06.16 01:00;23
28.06.16 02:00;22
28.06.16 03:00;24
28.06.16 04:00;30;;
28.06.16 05:00;40
28.06.16 06:00;41
28.06.16 07:00;41
28.06.16 08:00;38
28.06.16 09:00;37
28.06.16 10:00;35
28.06.16 11:00;34
28.06.16 12:00;32
28.06.16 13:00;31
28.06.16 14:00;30
28.06.16 15:00;36
28.06.16 16:00;39
28.06.16 17:00;41
28.06.16 18:00;38
28.06.16 19:00;34
28.06.16 20:00;33
28.06.16 21:00;28
28.06.16 22:00;24
28.06.16 23:00;22
29.06.16 00:00;20
29.06.16 01:00;19
29.06.16 02:00;19
29.06.16 03:00;19
29.06.16 04:00;24
29.06.16 05:00;32
29.06.16 06:00;34
29.06.16 07:00;31
29.06.16 08:00;26
29.06.16 09:00;24
29.06.16 10:00;23
29.06.16 11:00;23
29.06.16 12:00;23
29.06.16 13:00;23
29.06.16 14:00;23
29.06.16 15:00;26
29.06.16 16:00;33
29.06.16 17:00;38
29.06.16 18:00;37
29.06.16 19:00;34
29.06.16 20:00;34
29.06.16 21:00;29
29.06.16 22:00;25
29.06.16 23:00;23
30.06.16 00:00;22
30.06.16 01:00;20
30.06.16 02:00;19
30.06.16 03:00;21
30.06.16 04:00;26
30.06.16 05:00;34
30.06.16 06:00;39
30.06.16 07:00;38
30.06.16 08:00;38
30.06.16 09:00;36;;
30.06.16 10:00;30
30.06.16 11:00;27
30.06.16 12:00;25
30.06.16 13:00;26
30.06.16 14:00;26
30.06.16 15:00;29
30.06.16 16:00;34
30.06.16 17:00;38
30.06.16 18:00;34
30.06.16 19:00;31
30.06.16 20:00;32
30.06.16 21:00;27
30.06.16 22:00;29
30.06.16 23:00;24
01.07.16 00:00;23
01.07.16 01:00;21
01.07.16 02:00;20
01.07.16 03:00;22
01.07.16 04:00;26
01.07.16 05:00;33
01.07.16 06:00;35
01.07.16 07:00;29
01.07.16 08:00;24;;
01.07.16 09:00;23
01.07.16 10:00;22
01.07.16 11:00;22
01.07.16 12:00;22
01.07.16 13:00;24
01.07.16 14:00;27;;
01.07.16 15:00;28
01.07.16 16:00;32
01.07.16 17:00;33
01.07.16 18:00;32
01.07.16 19:00;30
01.07.16 20:00;31
01.07.16 21:00;27
01.07.16 22:00;22
01.07.16 23:00;20
02.07.16 00:00;19
02.07.16 01:00;17
02.07.16 02:00;16
02.07.16 03:00;16
02.07.16 04:00;17
02.07.16 05:00;20
02.07.16 06:00;21
02.07.16 07:00;23
02.07.16 08:00;22
02.07.16 09:00;22
02.07.16 10:00;21
02.07.16 11:00;20
02.07.16 12:00;19
02.07.16 13:00;18
02.07.16 14:00;17
02.07.16 15:00;19
02.07.16 16:00;23
02.07.16 17:00;25
02.07.16 18:00;25
02.07.16 19:00;25
02.07.16 20:00;25
02.07.16 21:00;22
02.07.16 22:00;18
02.07.16 23:00;9
03.07.16 00:00;7
03.07.16 01:00;6
03.07.16 02:00;8
03.07.16 03:00;7
03.07.16 04:00;8
03.07.16 05:00;8
03.07.16 06:00;12
03.07.16 07:00;9
03.07.16 08:00;8
03.07.16 09:00;8
03.07.16 10:00;8
03.07.16 11:00;7
03.07.16 12:00;6
03.07.16 13:00;7
03.07.16 14:00;8
03.07.16 15:00;18
03.07.16 16:00;22
03.07.16 17:00;26
03.07.16 18:00;27
03.07.16 19:00;30
03.07.16 20:00;32
03.07.16 21:00;29
03.07.16 22:00;25
03.07.16 23:00;22
04.07.16 00:00;22
04.07.16 01:00;21
04.07.16 02:00;21
04.07.16 03:00;23
04.07.16 04:00;31
04.07.16 05:00;35
04.07.16 06:00;37
04.07.16 07:00;33
04.07.16 08:00;32
04.07.16 09:00;31
04.07.16 10:00;29
04.07.16 11:00;29
04.07.16 12:00;29
04.07.16 13:00;29
04.07.16 14:00;30
04.07.16 15:00;32
04.07.16 16:00;35
04.07.16 17:00;38
04.07.16 18:00;38
04.07.16 19:00;35
04.07.16 20:00;34
04.07.16 21:00;33
04.07.16 22:00;29
04.07.16 23:00;27;;
05.07.16 00:00;25
05.07.16 01:00;23
05.07.16 02:00;23
05.07.16 03:00;25
05.07.16 04:00;30
05.07.16 05:00;34
05.07.16 06:00;36
05.07.16 07:00;35
05.07.16 08:00;32
05.07.16 09:00;31
05.07.16 10:00;28
05.07.16 11:00;26
05.07.16 12:00;24
05.07.16 13:00;22
05.07.16 14:00;22
05.07.16 15:00;23
05.07.16 16:00;24
05.07.16 17:00;27
05.07.16 18:00;26
05.07.16 19:00;23
05.07.16 20:00;22
05.07.16 21:00;18
05.07.16 22:00;8
05.07.16 23:00;9
06.07.16 00:00;8
06.07.16 01:00;5
06.07.16 02:00;4
06.07.16 03:00;10
06.07.16 04:00;20
06.07.16 05:00;24
06.07.16 06:00;24
06.07.16 07:00;20
06.07.16 08:00;13
06.07.16 09:00;13
06.07.16 10:00;9
06.07.16 11:00;8
06.07.16 12:00;2
06.07.16 13:00;9
06.07.16 14:00;11
06.07.16 15:00;14
06.07.16 16:00;23
06.07.16 17:00;28
06.07.16 18:00;29
06.07.16 19:00;29
06.07.16 20:00;31
06.07.16 21:00;28
06.07.16 22:00;29
06.07.16 23:00;25
07.07.16 00:00;24
07.07.16 01:00;22
07.07.16 02:00;22
07.07.16 03:00;23
07.07.16 04:00;30
07.07.16 05:00;34
07.07.16 06:00;35
07.07.16 07:00;31
07.07.16 08:00;28
07.07.16 09:00;28
07.07.16 10:00;26
07.07.16 11:00;25
07.07.16 12:00;24
07.07.16 13:00;25
07.07.16 14:00;27
07.07.16 15:00;30
07.07.16 16:00;34
07.07.16 17:00;37
07.07.16 18:00;37
07.07.16 19:00;32
07.07.16 20:00;36
07.07.16 21:00;32
07.07.16 22:00;28
07.07.16 23:00;26
08.07.16 00:00;25
08.07.16 01:00;23
08.07.16 02:00;23
08.07.16 03:00;25
08.07.16 04:00;30;;
08.07.16 05:00;34
08.07.16 06:00;38
08.07.16 07:00;35
08.07.16 08:00;33
08.07.16 09:00;32
08.07.16 10:00;30
08.07.16 11:00;27
08.07.16 12:00;26
08.07.16 13:00;25
08.07.16 14:00;26
08.07.16 15:00;27
08.07.16 16:00;28
08.07.16 17:00;29
08.07.16 18:00;28
08.07.16 19:00;26
08.07.16 20:00;28
08.07.16 21:00;24
08.07.16 22:00;20
08.07.16 23:00;18
09.07.16 00:00;17
09.07.16 01:00;19;;
09.07.16 02:00;17
09.07.16 03:00;17
09.07.16 04:00;18
09.07.16 05:00;22
09.07.16 06:00;21
09.07.16 07:00;21
09.07.16 08:00;16
09.07.16 09:00;16
09.07.16 10:00;15
09.07.16 11:00;8
09.07.16 12:00;11
09.07.16 13:00;11
09.07.16 14:00;16
09.07.16 15:00;22;;
09.07.16 16:00;27
09.07.16 17:00;30
09.07.16 18:00;30
09.07.16 19:00;29
09.07.16 20:00;30
09.07.16 21:00;28;;
09.07.16 22:00;23
09.07.16 23:00;18
10.07.16 00:00;15
10.07.16 01:00;11
10.07.16 02:00;11
10.07.16 03:00;9
10.07.16 04:00;10
10.07.16 05:00;10
10.07.16 06:00;12
10.07.16 07:00;10
10.07.16 08:00;7
10.07.16 09:00;9
10.07.16 10:00;6
10.07.16 11:00;-0
10.07.16 12:00;-0
10.07.16 13:00;3
10.07.16 14:00;10
10.07.16 15:00;19
10.07.16 16:00;24
10.07.16 17:00;29
10.07.16 18:00;30
10.07.16 19:00;30
10.07.16 20:00;31
10.07.16 21:00;29
10.07.16 22:00;20
10.07.16 23:00;20
11.07.16 00:00;21
11.07.16 01:00;19
11.07.16 02:00;19
11.07.16 03:00;22
11.07.16 04:00;27
11.07.16 05:00;32
11.07.16 06:00;32
11.07.16 07:00;29
11.07.16 08:00;26
11.07.16 09:00;24
11.07.16 10:00;22
11.07.16 11:00;20
11.07.16 12:00;20
11.07.16 13:00;20
11.07.16 14:00;22
11.07.16 15:00;25
11.07.16 16:00;28
11.07.16 17:00;31
11.07.16 18:00;31
11.07.16 19:00;30
11.07.16 20:00;28
11.07.16 21:00;26
11.07.16 22:00;25
11.07.16 23:00;23
12.07.16 00:00;22
12.07.16 01:00;22
12.07.16 02:00;22
12.07.16 03:00;24
12.07.16 04:00;28
12.07.16 05:00;33
12.07.16 06:00;34
12.07.16 07:00;31
12.07.16 08:00;31
12.07.16 09:00;32
12.07.16 10:00;31
12.07.16 11:00;29
12.07.16 12:00;30
12.07.16 13:00;30
12.07.16 14:00;30
12.07.16 15:00;31
12.07.16 16:00;33
12.07.16 17:00;33
12.07.16 18:00;33
12.07.16 19:00;33
12.07.16 20:00;33
12.07.16 21:00;30
12.07.16 22:00;27
12.07.16 23:00;27
13.07.16 00:00;26
13.07.16 01:00;25;;
13.07.16 02:00;25
13.07.16 03:00;26
13.07.16 04:00;31
13.07.16 05:00;34
13.07.16 06:00;40
13.07.16 07:00;40
13.07.16 08:00;39
13.07.16 09:00;39
13.07.16 10:00;36
13.07.16 11:00;36
13.07.16 12:00;35
13.07.16 13:00;32
13.07.16 14:00;31
13.07.16 15:00;32
13.07.16 16:00;34
13.07.16 17:00;35
13.07.16 18:00;33
13.07.16 19:00;30
13.07.16 20:00;31
13.07.16 21:00;27
13.07.16 22:00;23
13.07.16 23:00;23
14.07.16 00:00;22
14.07.16 01:00;21
14.07.16 02:00;21
14.07.16 03:00;22
14.07.16 04:00;24
14.07.16 05:00;29
14.07.16 06:00;32
14.07.16 07:00;31
14.07.16 08:00;29
14.07.16 09:00;30
14.07.16 10:00;27
14.07.16 11:00;25
14.07.16 12:00;22
14.07.16 13:00;20
14.07.16 14:00;20
14.07.16 15:00;22
14.07.16 16:00;25
14.07.16 17:00;28
14.07.16 18:00;27
14.07.16 19:00;25
14.07.16 20:00;25
14.07.16 21:00;21
14.07.16 22:00;18
14.07.16 23:00;19
15.07.16 00:00;17
15.07.16 01:00;13
15.07.16 02:00;15
15.07.16 03:00;18
15.07.16 04:00;23
15.07.16 05:00;29
15.07.16 06:00;30
15.07.16 07:00;31
15.07.16 08:00;29
15.07.16 09:00;29
15.07.16 10:00;27
15.07.16 11:00;23
15.07.16 12:00;22
15.07.16 13:00;22
15.07.16 14:00;22
15.07.16 15:00;27
15.07.16 16:00;31
15.07.16 17:00;34
15.07.16 18:00;32
15.07.16 19:00;32
15.07.16 20:00;34
15.07.16 21:00;33
15.07.16 22:00;27
15.07.16 23:00;23
16.07.16 00:00;23;;
16.07.16 01:00;22;;
16.07.16 02:00;21
16.07.16 03:00;21
16.07.16 04:00;22
16.07.16 05:00;22
16.07.16 06:00;23
16.07.16 07:00;22
16.07.16 08:00;21
16.07.16 09:00;21
16.07.16 10:00;22
16.07.16 11:00;21
16.07.16 12:00;21
16.07.16 13:00;22
16.07.16 14:00;23
16.07.16 15:00;25
16.07.16 16:00;30
16.07.16 17:00;31
16.07.16 18:00;30
16.07.16 19:00;30
16.07.16 20:00;32
16.07.16 21:00;27
16.07.16 22:00;24
16.07.16 23:00;21
17.07.16 00:00;21
17.07.16 01:00;20
17.07.16 02:00;19
17.07.16 03:00;19
17.07.16 04:00;19
17.07.16 05:00;20
17.07.16 06:00;21
17.07.16 07:00;22
17.07.16 08:00;20
17.07.16 09:00;21
17.07.16 10:00;21
17.07.16 11:00;16
17.07.16 12:00;13
17.07.16 13:00;13
17.07.16 14:00;13
17.07.16 15:00;20
17.07.16 16:00;22
17.07.16 17:00;27
17.07.16 18:00;28
17.07.16 19:00;30
17.07.16 20:00;30
17.07.16 21:00;29;;
17.07.16 22:00;26
17.07.16 23:00;24
18.07.16 00:00;23
18.07.16 01:00;22
18.07.16 02:00;23
18.07.16 03:00;23
18.07.16 04:00;28
18.07.16 05:00;33
18.07.16 06:00;35
18.07.16 07:00;32
18.07.16 08:00;30
18.07.16 09:00;30
18.07.16 10:00;27
18.07.16 11:00;27
18.07.16 12:00;26
18.07.16 13:00;26
18.07.16 14:00;26
18.07.16 15:00;29
18.07.16 16:00;33;;
18.07.16 17:00;39
18.07.16 18:00;40;;
18.07.16 19:00;38
18.07.16 20:00;35
18.07.16 21:00;30
18.07.16 22:00;27
18.07.16 23:00;27
19.07.16 00:00;26
19.07.16 01:00;25
19.07.16 02:00;25
19.07.16 03:00;26
19.07.16 04:00;31;;
19.07.16 05:00;36
19.07.16 06:00;40
19.07.16 07:00;35
19.07.16 08:00;32
19.07.16 09:00;32
19.07.16 10:00;31
19.07.16 11:00;30
19.07.16 12:00;30
19.07.16 13:00;31
19.07.16 14:00;32
19.07.16 15:00;35
19.07.16 16:00;39
19.07.16 17:00;44;;
19.07.16 18:00;37
19.07.16 19:00;37;;
19.07.16 20:00;32
19.07.16 21:00;27
19.07.16 22:00;28
19.07.16 23:00;26
20.07.16 00:00;25
20.07.16 01:00;24
20.07.16 02:00;24
20.07.16 03:00;25
20.07.16 04:00;29
20.07.16 05:00;33
20.07.16 06:00;36
20.07.16 07:00;34
20.07.16 08:00;32
20.07.16 09:00;31
20.07.16 10:00;28
20.07.16 11:00;26
20.07.16 12:00;25
20.07.16 13:00;26
20.07.16 14:00;28
20.07.16 15:00;31
20.07.16 16:00;33
20.07.16 17:00;34
20.07.16 18:00;33
20.07.16 19:00;31
20.07.16 20:00;28
20.07.16 21:00;25
20.07.16 22:00;26
20.07.16 23:00;26
21.07.16 00:00;25
21.07.16 01:00;25
21.07.16 02:00;25
21.07.16 03:00;27
21.07.16 04:00;32
21.07.16 05:00;36
21.07.16 06:00;39
21.07.16 07:00;36
21.07.16 08:00;37
21.07.16 09:00;36
21.07.16 10:00;35
21.07.16 11:00;34
21.07.16 12:00;32
21.07.16 13:00;33;;
21.07.16 14:00;33
21.07.16 15:00;34
21.07.16 16:00;34
21.07.16 17:00;38
21.07.16 18:00;35
21.07.16 19:00;35
21.07.16 20:00;32
21.07.16 21:00;31
21.07.16 22:00;29
21.07.16 23:00;27
22.07.16 00:00;27
22.07.16 01:00;26
22.07.16 02:00;26
22.07.16 03:00;28
22.07.16 04:00;32
22.07.16 05:00;35
22.07.16 06:00;36
22.07.16 07:00;36;;
22.07.16 08:00;35
22.07.16 09:00;34
22.07.16 10:00;32
22.07.16 11:00;30
22.07.16 12:00;30
22.07.16 13:00;31
22.07.16 14:00;31
22.07.16 15:00;32
22.07.16 16:00;34
22.07.16 17:00;35
22.07.16 18:00;33
22.07.16 19:00;31
22.07.16 20:00;31
22.07.16 21:00;29;;
22.07.16 22:00;31
22.07.16 23:00;30
23.07.16 00:00;29
23.07.16 01:00;27
23.07.16 02:00;25
23.07.16 03:00;25
23.07.16 04:00;26
23.07.16 05:00;30
23.07.16 06:00;31
23.07.16 07:00;32
23.07.16 08:00;32
23.07.16 09:00;31
23.07.16 10:00;29
23.07.16 11:00;25
23.07.16 12:00;24
23.07.16 13:00;24
23.07.16 14:00;27
23.07.16 15:00;30
23.07.16 16:00;31
23.07.16 17:00;33
23.07.16 18:00;32
23.07.16 19:00;32
23.07.16 20:00;32
23.07.16 21:00;29
23.07.16 22:00;30
23.07.16 23:00;28
24.07.16 00:00;25
24.07.16 01:00;24
24.07.16 02:00;24
24.07.16 03:00;23
24.07.16 04:00;23
24.07.16 05:00;24
24.07.16 06:00;25
24.07.16 07:00;25
24.07.16 08:00;24
24.07.16 09:00;25
24.07.16 10:00;23
24.07.16 11:00;23
24.07.16 12:00;23
24.07.16 13:00;23
24.07.16 14:00;24
24.07.16 15:00;26
24.07.16 16:00;29
24.07.16 17:00;31
24.07.16 18:00;32
24.07.16 19:00;33
24.07.16 20:00;35
24.07.16 21:00;33
24.07.16 22:00;29
24.07.16 23:00;27
25.07.16 00:00;26
25.07.16 01:00;25
25.07.16 02:00;25
25.07.16 03:00;27
25.07.16 04:00;35;;
25.07.16 05:00;38
25.07.16 06:00;39
25.07.16 07:00;37
25.07.16 08:00;36
25.07.16 09:00;36
25.07.16 10:00;33
25.07.16 11:00;32
25.07.16 12:00;32
25.07.16 13:00;32
25.07.16 14:00;33
25.07.16 15:00;35
25.07.16 16:00;35
25.07.16 17:00;36
25.07.16 18:00;36
25.07.16 19:00;36
25.07.16 20:00;35
25.07.16 21:00;30
25.07.16 22:00;27
25.07.16 23:00;27
26.07.16 00:00;26
26.07.16 01:00;25
26.07.16 02:00;25
26.07.16 03:00;26
26.07.16 04:00;30
26.07.16 05:00;35
26.07.16 06:00;39
26.07.16 07:00;37
26.07.16 08:00;36
26.07.16 09:00;37
26.07.16 10:00;33
26.07.16 11:00;32
26.07.16 12:00;31
26.07.16 13:00;32
26.07.16 14:00;32
26.07.16 15:00;34
26.07.16 16:00;37
26.07.16 17:00;39
26.07.16 18:00;37
26.07.16 19:00;36
26.07.16 20:00;35
26.07.16 21:00;30
26.07.16 22:00;28
26.07.16 23:00;27
27.07.16 00:00;26
27.07.16 01:00;25
27.07.16 02:00;26;;
27.07.16 03:00;26
27.07.16 04:00;31
27.07.16 05:00;36
27.07.16 06:00;39
27.07.16 07:00;40
27.07.16 08:00;40
27.07.16 09:00;41
27.07.16 10:00;37
27.07.16 11:00;36
27.07.16 12:00;33
27.07.16 13:00;32
27.07.16 14:00;32
27.07.16 15:00;33
27.07.16 16:00;35
27.07.16 17:00;36
27.07.16 18:00;36
27.07.16 19:00;35
27.07.16 20:00;34
27.07.16 21:00;29
27.07.16 22:00;26
27.07.16 23:00;26
28.07.16 00:00;25
28.07.16 01:00;25
28.07.16 02:00;25
28.07.16 03:00;26
28.07.16 04:00;29
28.07.16 05:00;34
28.07.16 06:00;36
28.07.16 07:00;35
28.07.16 08:00;33
28.07.16 09:00;33
28.07.16 10:00;33
28.07.16 11:00;31
28.07.16 12:00;30
28.07.16 13:00;31
28.07.16 14:00;31
28.07.16 15:00;32
28.07.16 16:00;34
28.07.16 17:00;36
28.07.16 18:00;35
28.07.16 19:00;34
28.07.16 20:00;33
28.07.16 21:00;29
28.07.16 22:00;28
28.07.16 23:00;27
29.07.16 00:00;26
29.07.16 01:00;24
29.07.16 02:00;24
29.07.16 03:00;25
29.07.16 04:00;29
29.07.16 05:00;33
29.07.16 06:00;36
29.07.16 07:00;36
29.07.16 08:00;33
29.07.16 09:00;33
29.07.16 10:00;31
29.07.16 11:00;29
29.07.16 12:00;27
29.07.16 13:00;27
29.07.16 14:00;28
29.07.16 15:00;29
29.07.16 16:00;31
29.07.16 17:00;34
29.07.16 18:00;32
29.07.16 19:00;30
29.07.16 20:00;29
29.07.16 21:00;28
29.07.16 22:00;31
29.07.16 23:00;26
30.07.16 00:00;25
30.07.16 01:00;24
30.07.16 02:00;24
30.07.16 03:00;24
30.07.16 04:00;24
30.07.16 05:00;25
30.07.16 06:00;26
30.07.16 07:00;28
30.07.16 08:00;28
30.07.16 09:00;27
30.07.16 10:00;26
30.07.16 11:00;24
30.07.16 12:00;23
30.07.16 13:00;24
30.07.16 14:00;25
30.07.16 15:00;26
30.07.16 16:00;30
30.07.16 17:00;31
30.07.16 18:00;32
30.07.16 19:00;32
30.07.16 20:00;36
30.07.16 21:00;32
30.07.16 22:00;28
30.07.16 23:00;25
31.07.16 00:00;23
31.07.16 01:00;22
31.07.16 02:00;22
31.07.16 03:00;21
31.07.16 04:00;20
31.07.16 05:00;21
31.07.16 06:00;23
31.07.16 07:00;25
31.07.16 08:00;25
31.07.16 09:00;26
31.07.16 10:00;26
31.07.16 11:00;25
31.07.16 12:00;24
31.07.16 13:00;23
31.07.16 14:00;22
31.07.16 15:00;25
31.07.16 16:00;25
31.07.16 17:00;28
31.07.16 18:00;28
31.07.16 19:00;30
31.07.16 20:00;31
31.07.16 21:00;27
31.07.16 22:00;24
31.07.16 23:00;23
01.08.16 00:00;22
01.08.16 01:00;22
01.08.16 02:00;22
01.08.16 03:00;23
01.08.16 04:00;29
01.08.16 05:00;32
01.08.16 06:00;35;;
01.08.16 07:00;33
01.08.16 08:00;30
01.08.16 09:00;29
01.08.16 10:00;27
01.08.16 11:00;25
01.08.16 12:00;27
01.08.16 13:00;27
01.08.16 14:00;28
01.08.16 15:00;32
01.08.16 16:00;35
01.08.16 17:00;37
01.08.16 18:00;38
01.08.16 19:00;36
01.08.16 20:00;35
01.08.16 21:00;31
01.08.16 22:00;27
01.08.16 23:00;25
02.08.16 00:00;25
02.08.16 01:00;24
02.08.16 02:00;24
02.08.16 03:00;25
02.08.16 04:00;30
02.08.16 05:00;34
02.08.16 06:00;36
02.08.16 07:00;36
02.08.16 08:00;36
02.08.16 09:00;38
02.08.16 10:00;37
02.08.16 11:00;36
02.08.16 12:00;35
02.08.16 13:00;35
02.08.16 14:00;34
02.08.16 15:00;35
02.08.16 16:00;35
02.08.16 17:00;34
02.08.16 18:00;32
02.08.16 19:00;32
02.08.16 20:00;31
02.08.16 21:00;28
02.08.16 22:00;26
02.08.16 23:00;24
03.08.16 00:00;23
03.08.16 01:00;22
03.08.16 02:00;22
03.08.16 03:00;23
03.08.16 04:00;27
03.08.16 05:00;31
03.08.16 06:00;33
03.08.16 07:00;34
03.08.16 08:00;35
03.08.16 09:00;34
03.08.16 10:00;33
03.08.16 11:00;30
03.08.16 12:00;28
03.08.16 13:00;28
03.08.16 14:00;28
03.08.16 15:00;29
03.08.16 16:00;32
03.08.16 17:00;33;;
03.08.16 18:00;31
03.08.16 19:00;30
03.08.16 20:00;28
03.08.16 21:00;26
03.08.16 22:00;23
03.08.16 23:00;22
04.08.16 00:00;20
04.08.16 01:00;19
04.08.16 02:00;19
04.08.16 03:00;22
04.08.16 04:00;25
04.08.16 05:00;30
04.08.16 06:00;33
04.08.16 07:00;32
04.08.16 08:00;29
04.08.16 09:00;27
04.08.16 10:00;25
04.08.16 11:00;23
04.08.16 12:00;23
04.08.16 13:00;27
04.08.16 14:00;29
04.08.16 15:00;32
04.08.16 16:00;34
04.08.16 17:00;34
04.08.16 18:00;34
04.08.16 19:00;34
04.08.16 20:00;33
04.08.16 21:00;29
04.08.16 22:00;28
04.08.16 23:00;26
05.08.16 00:00;25
05.08.16 01:00;23
05.08.16 02:00;24
05.08.16 03:00;26
05.08.16 04:00;30
05.08.16 05:00;34
05.08.16 06:00;37
05.08.16 07:00;38
05.08.16 08:00;38
05.08.16 09:00;38;;
05.08.16 10:00;36;;
05.08.16 11:00;33
05.08.16 12:00;31
05.08.16 13:00;28
05.08.16 14:00;28
05.08.16 15:00;31
05.08.16 16:00;33
05.08.16 17:00;34
05.08.16 18:00;34
05.08.16 19:00;33
05.08.16 20:00;32
05.08.16 21:00;28
05.08.16 22:00;29
05.08.16 23:00;26
06.08.16 00:00;25
06.08.16 01:00;23
06.08.16 02:00;22
06.08.16 03:00;22
06.08.16 04:00;22
06.08.16 05:00;25
06.08.16 06:00;26
06.08.16 07:00;26
06.08.16 08:00;24
06.08.16 09:00;23
06.08.16 10:00;22
06.08.16 11:00;19
06.08.16 12:00;18
06.08.16 13:00;17
06.08.16 14:00;17
06.08.16 15:00;22
06.08.16 16:00;26
06.08.16 17:00;28
06.08.16 18:00;28
06.08.16 19:00;30
06.08.16 20:00;30
06.08.16 21:00;28
06.08.16 22:00;24
06.08.16 23:00;20
07.08.16 00:00;17
07.08.16 01:00;12
07.08.16 02:00;12
07.08.16 03:00;12
07.08.16 04:00;12
07.08.16 05:00;11
07.08.16 06:00;12
07.08.16 07:00;12
07.08.16 08:00;9
07.08.16 09:00;8
07.08.16 10:00;5
07.08.16 11:00;0
07.08.16 12:00;0
07.08.16 13:00;2
07.08.16 14:00;5
07.08.16 15:00;12
07.08.16 16:00;24
07.08.16 17:00;27
07.08.16 18:00;30
07.08.16 19:00;32
07.08.16 20:00;32
07.08.16 21:00;26
07.08.16 22:00;20
07.08.16 23:00;16
08.08.16 00:00;12
08.08.16 01:00;8
08.08.16 02:00;8
08.08.16 03:00;8
08.08.16 04:00;17
08.08.16 05:00;23
08.08.16 06:00;26
08.08.16 07:00;24
08.08.16 08:00;20
08.08.16 09:00;18
08.08.16 10:00;14
08.08.16 11:00;13
08.08.16 12:00;12
08.08.16 13:00;17
08.08.16 14:00;20
08.08.16 15:00;26
08.08.16 16:00;31
08.08.16 17:00;34
08.08.16 18:00;33
08.08.16 19:00;34;;
08.08.16 20:00;33
08.08.16 21:00;31
08.08.16 22:00;23
08.08.16 23:00;23
09.08.16 00:00;22
09.08.16 01:00;20
09.08.16 02:00;19
09.08.16 03:00;22
09.08.16 04:00;28
09.08.16 05:00;32
09.08.16 06:00;34
09.08.16 07:00;35
09.08.16 08:00;34
09.08.16 09:00;34
09.08.16 10:00;33
09.08.16 11:00;32
09.08.16 12:00;30
09.08.16 13:00;27
09.08.16 14:00;25
09.08.16 15:00;28
09.08.16 16:00;30
09.08.16 17:00;32
09.08.16 18:00;30
09.08.16 19:00;30
09.08.16 20:00;29
09.08.16 21:00;26
09.08.16 22:00;23
09.08.16 23:00;23
10.08.16 00:00;22;;
10.08.16 01:00;19
10.08.16 02:00;20
10.08.16 03:00;23
10.08.16 04:00;27
10.08.16 05:00;32
10.08.16 06:00;33
10.08.16 07:00;33
10.08.16 08:00;32
10.08.16 09:00;31
10.08.16 10:00;29
10.08.16 11:00;26
10.08.16 12:00;25
10.08.16 13:00;24
10.08.16 14:00;24
10.08.16 15:00;27
10.08.16 16:00;31
10.08.16 17:00;33
10.08.16 18:00;33
10.08.16 19:00;33
10.08.16 20:00;32
10.08.16 21:00;28
10.08.16 22:00;24
10.08.16 23:00;23
11.08.16 00:00;22
11.08.16 01:00;20
11.08.16 02:00;21
11.08.16 03:00;22
11.08.16 04:00;27
11.08.16 05:00;34
11.08.16 06:00;35
11.08.16 07:00;33
11.08.16 08:00;30
11.08.16 09:00;30
11.08.16 10:00;28
11.08.16 11:00;27
11.08.16 12:00;24
11.08.16 13:00;25
11.08.16 14:00;25
11.08.16 15:00;31
11.08.16 16:00;34
11.08.16 17:00;34
11.08.16 18:00;35
11.08.16 19:00;34
11.08.16 20:00;33
11.08.16 21:00;28
11.08.16 22:00;24
11.08.16 23:00;22
12.08.16 00:00;21
12.08.16 01:00;19
12.08.16 02:00;20
12.08.16 03:00;22
12.08.16 04:00;27
12.08.16 05:00;32
12.08.16 06:00;33
12.08.16 07:00;34
12.08.16 08:00;34
12.08.16 09:00;35
12.08.16 10:00;34
12.08.16 11:00;32
12.08.16 12:00;29
12.08.16 13:00;27
12.08.16 14:00;24
12.08.16 15:00;26
12.08.16 16:00;28
12.08.16 17:00;29
12.08.16 18:00;29
12.08.16 19:00;28
12.08.16 20:00;28
12.08.16 21:00;24
12.08.16 22:00;21
12.08.16 23:00;19
13.08.16 00:00;18
13.08.16 01:00;16
13.08.16 02:00;16
13.08.16 03:00;14
13.08.16 04:00;16
13.08.16 05:00;18
13.08.16 06:00;20
13.08.16 07:00;20
13.08.16 08:00;18
13.08.16 09:00;15
13.08.16 10:00;13
13.08.16 11:00;9
13.08.16 12:00;9
13.08.16 13:00;10
13.08.16 14:00;12
13.08.16 15:00;18
13.08.16 16:00;24
13.08.16 17:00;26
13.08.16 18:00;27
13.08.16 19:00;29
13.08.16 20:00;28
13.08.16 21:00;25
13.08.16 22:00;23
13.08.16 23:00;21
14.08.16 00:00;19
14.08.16 01:00;19
14.08.16 02:00;18
14.08.16 03:00;18
14.08.16 04:00;18
14.08.16 05:00;19
14.08.16 06:00;19
14.08.16 07:00;18
14.08.16 08:00;19
14.08.16 09:00;20
14.08.16 10:00;19
14.08.16 11:00;17
14.08.16 12:00;15
14.08.16 13:00;16
14.08.16 14:00;16
14.08.16 15:00;20
14.08.16 16:00;26
14.08.16 17:00;29
14.08.16 18:00;31
14.08.16 19:00;32
14.08.16 20:00;31
14.08.16 21:00;28
14.08.16 22:00;25
14.08.16 23:00;22
15.08.16 00:00;21
15.08.16 01:00;21
15.08.16 02:00;21
15.08.16 03:00;23
15.08.16 04:00;27
15.08.16 05:00;30
15.08.16 06:00;32;;
15.08.16 07:00;30
15.08.16 08:00;28
15.08.16 09:00;28
15.08.16 10:00;27
15.08.16 11:00;25;;
15.08.16 12:00;23
15.08.16 13:00;24
15.08.16 14:00;25
15.08.16 15:00;30
15.08.16 16:00;33
15.08.16 17:00;35
15.08.16 18:00;34
15.08.16 19:00;34
15.08.16 20:00;33
15.08.16 21:00;30
15.08.16 22:00;26
15.08.16 23:00;23
16.08.16 00:00;22
16.08.16 01:00;22
16.08.16 02:00;22
16.08.16 03:00;24
16.08.16 04:00;28
16.08.16 05:00;33
16.08.16 06:00;34
16.08.16 07:00;33
16.08.16 08:00;31
16.08.16 09:00;30
16.08.16 10:00;29
16.08.16 11:00;28
16.08.16 12:00;28
16.08.16 13:00;29
16.08.16 14:00;30
16.08.16 15:00;33
16.08.16 16:00;34
16.08.16 17:00;35
16.08.16 18:00;34
16.08.16 19:00;34
16.08.16 20:00;31
16.08.16 21:00;27
16.08.16 22:00;25
16.08.16 23:00;24
17.08.16 00:00;23
17.08.16 01:00;21
17.08.16 02:00;22
17.08.16 03:00;25
17.08.16 04:00;29
17.08.16 05:00;34
17.08.16 06:00;36
17.08.16 07:00;33;;
17.08.16 08:00;28
17.08.16 09:00;28
17.08.16 10:00;27
17.08.16 11:00;27
17.08.16 12:00;27
17.08.16 13:00;28
17.08.16 14:00;30
17.08.16 15:00;35
17.08.16 16:00;35
17.08.16 17:00;37
17.08.16 18:00;36
17.08.16 19:00;35
17.08.16 20:00;32
17.08.16 21:00;28
17.08.16 22:00;25
17.08.16 23:00;24
18.08.16 00:00;23
18.08.16 01:00;21
18.08.16 02:00;22
18.08.16 03:00;25
18.08.16 04:00;30
18.08.16 05:00;33
18.08.16 06:00;35
18.08.16 07:00;35
18.08.16 08:00;33
18.08.16 09:00;30
18.08.16 10:00;29
18.08.16 11:00;29
18.08.16 12:00;29
18.08.16 13:00;29
18.08.16 14:00;32
18.08.16 15:00;35
18.08.16 16:00;36
18.08.16 17:00;37
18.08.16 18:00;36
18.08.16 19:00;36
18.08.16 20:00;32
18.08.16 21:00;28
18.08.16 22:00;27
18.08.16 23:00;26
19.08.16 00:00;25;;
19.08.16 01:00;23
19.08.16 02:00;24
19.08.16 03:00;26
19.08.16 04:00;32
19.08.16 05:00;36
19.08.16 06:00;37
19.08.16 07:00;36
19.08.16 08:00;34
19.08.16 09:00;31
19.08.16 10:00;26
19.08.16 11:00;26
19.08.16 12:00;25
19.08.16 13:00;27
19.08.16 14:00;31
19.08.16 15:00;34
19.08.16 16:00;36
19.08.16 17:00;36
19.08.16 18:00;34
19.08.16 19:00;34
19.08.16 20:00;32
19.08.16 21:00;28
19.08.16 22:00;26
19.08.16 23:00;25
20.08.16 00:00;23
20.08.16 01:00;22
20.08.16 02:00;22
20.08.16 03:00;22
20.08.16 04:00;22
20.08.16 05:00;23
20.08.16 06:00;26
20.08.16 07:00;29
20.08.16 08:00;25
20.08.16 09:00;24
20.08.16 10:00;23
20.08.16 11:00;22
20.08.16 12:00;21
20.08.16 13:00;22;;
20.08.16 14:00;20
20.08.16 15:00;22
20.08.16 16:00;26
20.08.16 17:00;29
20.08.16 18:00;30;;
20.08.16 19:00;30
20.08.16 20:00;29
20.08.16 21:00;25
20.08.16 22:00;18
20.08.16 23:00;15
21.08.16 00:00;12
21.08.16 01:00;9
21.08.16 02:00;9
21.08.16 03:00;9
21.08.16 04:00;9
21.08.16 05:00;9
21.08.16 06:00;11
21.08.16 07:00;11
21.08.16 08:00;11
21.08.16 09:00;11
21.08.16 10:00;11
21.08.16 11:00;9
21.08.16 12:00;7
21.08.16 13:00;7
21.08.16 14:00;8
21.08.16 15:00;10
21.08.16 16:00;22
21.08.16 17:00;28
21.08.16 18:00;30
21.08.16 19:00;31
21.08.16 20:00;30
21.08.16 21:00;23
21.08.16 22:00;20
21.08.16 23:00;19
22.08.16 00:00;18
22.08.16 01:00;17
22.08.16 02:00;18
22.08.16 03:00;20
22.08.16 04:00;26
22.08.16 05:00;31
22.08.16 06:00;34
22.08.16 07:00;35;;
22.08.16 08:00;31
22.08.16 09:00;29
22.08.16 10:00;27
22.08.16 11:00;27
22.08.16 12:00;27
22.08.16 13:00;27
22.08.16 14:00;28
22.08.16 15:00;32
22.08.16 16:00;36
22.08.16 17:00;37
22.08.16 18:00;37
22.08.16 19:00;35
22.08.16 20:00;30
22.08.16 21:00;27
22.08.16 22:00;23
22.08.16 23:00;22
23.08.16 00:00;21
23.08.16 01:00;20
23.08.16 02:00;22
23.08.16 03:00;23
23.08.16 04:00;30
23.08.16 05:00;35
23.08.16 06:00;37
23.08.16 07:00;37
23.08.16 08:00;34
23.08.16 09:00;32
23.08.16 10:00;28
23.08.16 11:00;28
23.08.16 12:00;27
23.08.16 13:00;30
23.08.16 14:00;34
23.08.16 15:00;37
23.08.16 16:00;40
23.08.16 17:00;41
23.08.16 18:00;42;;
23.08.16 19:00;38
23.08.16 20:00;33
23.08.16 21:00;27
23.08.16 22:00;26
23.08.16 23:00;23
24.08.16 00:00;22
24.08.16 01:00;22
24.08.16 02:00;22
24.08.16 03:00;24
24.08.16 04:00;30
24.08.16 05:00;34
24.08.16 06:00;36
24.08.16 07:00;34
24.08.16 08:00;29
24.08.16 09:00;27
24.08.16 10:00;26
24.08.16 11:00;26
24.08.16 12:00;26;;
24.08.16 13:00;30
24.08.16 14:00;32
24.08.16 15:00;34
24.08.16 16:00;37
24.08.16 17:00;38
24.08.16 18:00;37
24.08.16 19:00;34
24.08.16 20:00;28
24.08.16 21:00;24
24.08.16 22:00;21
24.08.16 23:00;21
25.08.16 00:00;20
25.08.16 01:00;21
25.08.16 02:00;21
25.08.16 03:00;23
25.08.16 04:00;30
25.08.16 05:00;34
25.08.16 06:00;35
25.08.16 07:00;34
25.08.16 08:00;29
25.08.16 09:00;27
25.08.16 10:00;26
25.08.16 11:00;25
25.08.16 12:00;24
25.08.16 13:00;27
25.08.16 14:00;30
25.08.16 15:00;34;;
25.08.16 16:00;36
25.08.16 17:00;38
25.08.16 18:00;37
25.08.16 19:00;34
25.08.16 20:00;27
25.08.16 21:00;24
25.08.16 22:00;22
25.08.16 23:00;20
26.08.16 00:00;20
26.08.16 01:00;20
26.08.16 02:00;21
26.08.16 03:00;23
26.08.16 04:00;29;;
26.08.16 05:00;34
26.08.16 06:00;35
26.08.16 07:00;34
26.08.16 08:00;32
26.08.16 09:00;28
26.08.16 10:00;26
26.08.16 11:00;25
26.08.16 12:00;24
26.08.16 13:00;26
26.08.16 14:00;29
26.08.16 15:00;34
26.08.16 16:00;38
26.08.16 17:00;41
26.08.16 18:00;39
26.08.16 19:00;37
26.08.16 20:00;32
26.08.16 21:00;27
26.08.16 22:00;25
26.08.16 23:00;24
27.08.16 00:00;23;;
27.08.16 01:00;23
27.08.16 02:00;23
27.08.16 03:00;23
27.08.16 04:00;25
27.08.16 05:00;26
27.08.16 06:00;29
27.08.16 07:00;29
27.08.16 08:00;25
27.08.16 09:00;23
27.08.16 10:00;21
27.08.16 11:00;20
27.08.16 12:00;19
27.08.16 13:00;20
27.08.16 14:00;23
27.08.16 15:00;28
27.08.16 16:00;34
27.08.16 17:00;35
27.08.16 18:00;34
27.08.16 19:00;33
27.08.16 20:00;29
27.08.16 21:00;24
27.08.16 22:00;23
27.08.16 23:00;20
28.08.16 00:00;21
28.08.16 01:00;21
28.08.16 02:00;19
28.08.16 03:00;19
28.08.16 04:00;20
28.08.16 05:00;20
28.08.16 06:00;22
28.08.16 07:00;23
28.08.16 08:00;20
28.08.16 09:00;20
28.08.16 10:00;13
28.08.16 11:00;10
28.08.16 12:00;8
28.08.16 13:00;13
28.08.16 14:00;18
28.08.16 15:00;22
28.08.16 16:00;29
28.08.16 17:00;32
28.08.16 18:00;33
28.08.16 19:00;33
28.08.16 20:00;29
28.08.16 21:00;23
28.08.16 22:00;22
28.08.16 23:00;23
29.08.16 00:00;22
29.08.16 01:00;22
29.08.16 02:00;22
29.08.16 03:00;24
29.08.16 04:00;34
29.08.16 05:00;40
29.08.16 06:00;41
29.08.16 07:00;35
29.08.16 08:00;30
29.08.16 09:00;28
29.08.16 10:00;26
29.08.16 11:00;24
29.08.16 12:00;22
29.08.16 13:00;23
29.08.16 14:00;22
29.08.16 15:00;30;;
29.08.16 16:00;34
29.08.16 17:00;36
29.08.16 18:00;37
29.08.16 19:00;34
29.08.16 20:00;29
29.08.16 21:00;24
29.08.16 22:00;24
29.08.16 23:00;24
30.08.16 00:00;23
30.08.16 01:00;23
30.08.16 02:00;22
30.08.16 03:00;24
30.08.16 04:00;32
30.08.16 05:00;40
30.08.16 06:00;43
30.08.16 07:00;38
30.08.16 08:00;32;;
30.08.16 09:00;30
30.08.16 10:00;27
30.08.16 11:00;26
30.08.16 12:00;26
30.08.16 13:00;28
30.08.16 14:00;33
30.08.16 15:00;37
30.08.16 16:00;40
30.08.16 17:00;43
30.08.16 18:00;44
30.08.16 19:00;40
30.08.16 20:00;32
30.08.16 21:00;26
30.08.16 22:00;25
30.08.16 23:00;24
31.08.16 00:00;23
31.08.16 01:00;22
31.08.16 02:00;22
31.08.16 03:00;25
31.08.16 04:00;32
31.08.16 05:00;40
31.08.16 06:00;42
31.08.16 07:00;36
31.08.16 08:00;29
31.08.16 09:00;28
31.08.16 10:00;26
31.08.16 11:00;27
31.08.16 12:00;26
31.08.16 13:00;27
31.08.16 14:00;30
31.08.16 15:00;35
31.08.16 16:00;38
31.08.16 17:00;40
31.08.16 18:00;39
31.08.16 19:00;35
31.08.16 20:00;28
31.08.16 21:00;24
31.08.16 22:00;24
31.08.16 23:00;23
01.09.16 00:00;23
01.09.16 01:00;22
01.09.16 02:00;23
01.09.16 03:00;25
01.09.16 04:00;32
01.09.16 05:00;37
01.09.16 06:00;41
01.09.16 07:00;38
01.09.16 08:00;34
01.09.16 09:00;32
01.09.16 10:00;29
01.09.16 11:00;28
01.09.16 12:00;27
01.09.16 13:00;27
01.09.16 14:00;28
01.09.16 15:00;34
01.09.16 16:00;36
01.09.16 17:00;38
01.09.16 18:00;40
01.09.16 19:00;37
01.09.16 20:00;30
01.09.16 21:00;26
01.09.16 22:00;25
01.09.16 23:00;23
02.09.16 00:00;23
02.09.16 01:00;22
02.09.16 02:00;23
02.09.16 03:00;25
02.09.16 04:00;33
02.09.16 05:00;38
02.09.16 06:00;40
02.09.16 07:00;37
02.09.16 08:00;32
02.09.16 09:00;29
02.09.16 10:00;26
02.09.16 11:00;25
02.09.16 12:00;25
02.09.16 13:00;27
02.09.16 14:00;29
02.09.16 15:00;34
02.09.16 16:00;37
02.09.16 17:00;37
02.09.16 18:00;38
02.09.16 19:00;34
02.09.16 20:00;29
02.09.16 21:00;27
02.09.16 22:00;31
02.09.16 23:00;28
03.09.16 00:00;25
03.09.16 01:00;24
03.09.16 02:00;24
03.09.16 03:00;24
03.09.16 04:00;25
03.09.16 05:00;29
03.09.16 06:00;31
03.09.16 07:00;32
03.09.16 08:00;30
03.09.16 09:00;29
03.09.16 10:00;27
03.09.16 11:00;25
03.09.16 12:00;25
03.09.16 13:00;25
03.09.16 14:00;26
03.09.16 15:00;30
03.09.16 16:00;34
03.09.16 17:00;37
03.09.16 18:00;38
03.09.16 19:00;37
03.09.16 20:00;33
03.09.16 21:00;28
03.09.16 22:00;27
03.09.16 23:00;25
04.09.16 00:00;23
04.09.16 01:00;22
04.09.16 02:00;20
04.09.16 03:00;20
04.09.16 04:00;20
04.09.16 05:00;22
04.09.16 06:00;22
04.09.16 07:00;23
04.09.16 08:00;23
04.09.16 09:00;24
04.09.16 10:00;24
04.09.16 11:00;23
04.09.16 12:00;20
04.09.16 13:00;20
04.09.16 14:00;21
04.09.16 15:00;22
04.09.16 16:00;26
04.09.16 17:00;30
04.09.16 18:00;33
04.09.16 19:00;31
04.09.16 20:00;29
04.09.16 21:00;25
04.09.16 22:00;23
04.09.16 23:00;22
05.09.16 00:00;22
05.09.16 01:00;21
05.09.16 02:00;22
05.09.16 03:00;24
05.09.16 04:00;33
05.09.16 05:00;42
05.09.16 06:00;44
05.09.16 07:00;43
05.09.16 08:00;44
05.09.16 09:00;48
05.09.16 10:00;45
05.09.16 11:00;44
05.09.16 12:00;42
05.09.16 13:00;43
05.09.16 14:00;41
05.09.16 15:00;41
05.09.16 16:00;39
05.09.16 17:00;43
05.09.16 18:00;44
05.09.16 19:00;40;;
05.09.16 20:00;32
05.09.16 21:00;28
05.09.16 22:00;27
05.09.16 23:00;25
06.09.16 00:00;24
06.09.16 01:00;23
06.09.16 02:00;23
06.09.16 03:00;26
06.09.16 04:00;34
06.09.16 05:00;42
06.09.16 06:00;44
06.09.16 07:00;41
06.09.16 08:00;35
06.09.16 09:00;33
06.09.16 10:00;28
06.09.16 11:00;27
06.09.16 12:00;28
06.09.16 13:00;29
06.09.16 14:00;31
06.09.16 15:00;37
06.09.16 16:00;42
06.09.16 17:00;45
06.09.16 18:00;43
06.09.16 19:00;38
06.09.16 20:00;28;;
06.09.16 21:00;26
06.09.16 22:00;24
06.09.16 23:00;23
07.09.16 00:00;23
07.09.16 01:00;23
07.09.16 02:00;23
07.09.16 03:00;25
07.09.16 04:00;32
07.09.16 05:00;37
07.09.16 06:00;38
07.09.16 07:00;34
07.09.16 08:00;29
07.09.16 09:00;28
07.09.16 10:00;26
07.09.16 11:00;26
07.09.16 12:00;27
07.09.16 13:00;27
07.09.16 14:00;28
07.09.16 15:00;36
07.09.16 16:00;40
07.09.16 17:00;44
07.09.16 18:00;41
07.09.16 19:00;36
07.09.16 20:00;28
07.09.16 21:00;26
07.09.16 22:00;25
07.09.16 23:00;24
08.09.16 00:00;23
08.09.16 01:00;23
08.09.16 02:00;23
08.09.16 03:00;24
08.09.16 04:00;31
08.09.16 05:00;38
08.09.16 06:00;39
08.09.16 07:00;38
08.09.16 08:00;32
08.09.16 09:00;28
08.09.16 10:00;27
08.09.16 11:00;26
08.09.16 12:00;26
08.09.16 13:00;27
08.09.16 14:00;29
08.09.16 15:00;35
08.09.16 16:00;40
08.09.16 17:00;42
08.09.16 18:00;41
08.09.16 19:00;36
08.09.16 20:00;28
08.09.16 21:00;25
08.09.16 22:00;25
08.09.16 23:00;23
09.09.16 00:00;23
09.09.16 01:00;22
09.09.16 02:00;23
09.09.16 03:00;24
09.09.16 04:00;33
09.09.16 05:00;40
09.09.16 06:00;41
09.09.16 07:00;40
09.09.16 08:00;36
09.09.16 09:00;34
09.09.16 10:00;31
09.09.16 11:00;29
09.09.16 12:00;27
09.09.16 13:00;29
09.09.16 14:00;30
09.09.16 15:00;35
09.09.16 16:00;39
09.09.16 17:00;41
09.09.16 18:00;41
09.09.16 19:00;38
09.09.16 20:00;30
09.09.16 21:00;28
09.09.16 22:00;33
09.09.16 23:00;27
10.09.16 00:00;27
10.09.16 01:00;24
10.09.16 02:00;23
10.09.16 03:00;24
10.09.16 04:00;25
10.09.16 05:00;29
10.09.16 06:00;29
10.09.16 07:00;29
10.09.16 08:00;25
10.09.16 09:00;23
10.09.16 10:00;23
10.09.16 11:00;23
10.09.16 12:00;23
10.09.16 13:00;25
10.09.16 14:00;28
10.09.16 15:00;31
10.09.16 16:00;34
10.09.16 17:00;38
10.09.16 18:00;38
10.09.16 19:00;34
10.09.16 20:00;30
10.09.16 21:00;26
10.09.16 22:00;24
10.09.16 23:00;22
11.09.16 00:00;22
11.09.16 01:00;21
11.09.16 02:00;21
11.09.16 03:00;22
11.09.16 04:00;22
11.09.16 05:00;22
11.09.16 06:00;24
11.09.16 07:00;25
11.09.16 08:00;24
11.09.16 09:00;25
11.09.16 10:00;25
11.09.16 11:00;24
11.09.16 12:00;23
11.09.16 13:00;23
11.09.16 14:00;24
11.09.16 15:00;28
11.09.16 16:00;36
11.09.16 17:00;39
11.09.16 18:00;42
11.09.16 19:00;38
11.09.16 20:00;35
11.09.16 21:00;31
11.09.16 22:00;24
11.09.16 23:00;23
12.09.16 00:00;22
12.09.16 01:00;22
12.09.16 02:00;22
12.09.16 03:00;24
12.09.16 04:00;36
12.09.16 05:00;43;;
12.09.16 06:00;42
12.09.16 07:00;39
12.09.16 08:00;33
12.09.16 09:00;30
12.09.16 10:00;30
12.09.16 11:00;29
12.09.16 12:00;31
12.09.16 13:00;32
12.09.16 14:00;36
12.09.16 15:00;41
12.09.16 16:00;42
12.09.16 17:00;46
12.09.16 18:00;42
12.09.16 19:00;37
12.09.16 20:00;30
12.09.16 21:00;26
12.09.16 22:00;26
12.09.16 23:00;24
13.09.16 00:00;24
13.09.16 01:00;23
13.09.16 02:00;23
13.09.16 03:00;26
13.09.16 04:00;37
13.09.16 05:00;44
13.09.16 06:00;42
13.09.16 07:00;38
13.09.16 08:00;35
13.09.16 09:00;32
13.09.16 10:00;28
13.09.16 11:00;27
13.09.16 12:00;28
13.09.16 13:00;28
13.09.16 14:00;30
13.09.16 15:00;37
13.09.16 16:00;40
13.09.16 17:00;41
13.09.16 18:00;38
13.09.16 19:00;33
13.09.16 20:00;25
13.09.16 21:00;24
13.09.16 22:00;23;;
13.09.16 23:00;22
14.09.16 00:00;21
14.09.16 01:00;21
14.09.16 02:00;22
14.09.16 03:00;23
14.09.16 04:00;33
14.09.16 05:00;38
14.09.16 06:00;39
14.09.16 07:00;34
14.09.16 08:00;31
14.09.16 09:00;31
14.09.16 10:00;27
14.09.16 11:00;25
14.09.16 12:00;26
14.09.16 13:00;26
14.09.16 14:00;28
14.09.16 15:00;35
14.09.16 16:00;37
14.09.16 17:00;37
14.09.16 18:00;34
14.09.16 19:00;26
14.09.16 20:00;24
14.09.16 21:00;22
14.09.16 22:00;22
14.09.16 23:00;21
15.09.16 00:00;21
15.09.16 01:00;21
15.09.16 02:00;21
15.09.16 03:00;23
15.09.16 04:00;27
15.09.16 05:00;37
15.09.16 06:00;37
15.09.16 07:00;33
15.09.16 08:00;27
15.09.16 09:00;26
15.09.16 10:00;24
15.09.16 11:00;24
15.09.16 12:00;23
15.09.16 13:00;26
15.09.16 14:00;26
15.09.16 15:00;32
15.09.16 16:00;37
15.09.16 17:00;38
15.09.16 18:00;37
15.09.16 19:00;29;;
15.09.16 20:00;25
15.09.16 21:00;23
15.09.16 22:00;22
15.09.16 23:00;21
16.09.16 00:00;21
16.09.16 01:00;21
16.09.16 02:00;20
16.09.16 03:00;22
16.09.16 04:00;31
16.09.16 05:00;39
16.09.16 06:00;40
16.09.16 07:00;39
16.09.16 08:00;38
16.09.16 09:00;37
16.09.16 10:00;36;;
16.09.16 11:00;31
16.09.16 12:00;29
16.09.16 13:00;33
16.09.16 14:00;35
16.09.16 15:00;38
16.09.16 16:00;40
16.09.16 17:00;41
16.09.16 18:00;40
16.09.16 19:00;36
16.09.16 20:00;30
16.09.16 21:00;25
16.09.16 22:00;29
16.09.16 23:00;26
17.09.16 00:00;24
17.09.16 01:00;22
17.09.16 02:00;22
17.09.16 03:00;22
17.09.16 04:00;24
17.09.16 05:00;27
17.09.16 06:00;31
17.09.16 07:00;36
17.09.16 08:00;36
17.09.16 09:00;36
17.09.16 10:00;30
17.09.16 11:00;25
17.09.16 12:00;24
17.09.16 13:00;24
17.09.16 14:00;24
17.09.16 15:00;27
17.09.16 16:00;27
17.09.16 17:00;32
17.09.16 18:00;31
17.09.16 19:00;24
17.09.16 20:00;23
17.09.16 21:00;23
17.09.16 22:00;21
17.09.16 23:00;22
18.09.16 00:00;21
18.09.16 01:00;20;;
18.09.16 02:00;18
18.09.16 03:00;19
18.09.16 04:00;20
18.09.16 05:00;20
18.09.16 06:00;22
18.09.16 07:00;24
18.09.16 08:00;24
18.09.16 09:00;24
18.09.16 10:00;24;;
18.09.16 11:00;24
18.09.16 12:00;23
18.09.16 13:00;22
18.09.16 14:00;23
18.09.16 15:00;27
18.09.16 16:00;32
18.09.16 17:00;36
18.09.16 18:00;34
18.09.16 19:00;31
18.09.16 20:00;27
18.09.16 21:00;25
18.09.16 22:00;24
18.09.16 23:00;24
19.09.16 00:00;23
19.09.16 01:00;22
19.09.16 02:00;22
19.09.16 03:00;23
19.09.16 04:00;36
19.09.16 05:00;42
19.09.16 06:00;44
19.09.16 07:00;43
19.09.16 08:00;43
19.09.16 09:00;43
19.09.16 10:00;41
19.09.16 11:00;39
19.09.16 12:00;37
19.09.16 13:00;37
19.09.16 14:00;37
19.09.16 15:00;39
19.09.16 16:00;39
19.09.16 17:00;41
19.09.16 18:00;40
19.09.16 19:00;30;;
19.09.16 20:00;28
19.09.16 21:00;26
19.09.16 22:00;24
19.09.16 23:00;24
20.09.16 00:00;23
20.09.16 01:00;23
20.09.16 02:00;23
20.09.16 03:00;25
20.09.16 04:00;32
20.09.16 05:00;42
20.09.16 06:00;43
20.09.16 07:00;42
20.09.16 08:00;42
20.09.16 09:00;41
20.09.16 10:00;38
20.09.16 11:00;35
20.09.16 12:00;34
20.09.16 13:00;34
20.09.16 14:00;36
20.09.16 15:00;39
20.09.16 16:00;42
20.09.16 17:00;46
20.09.16 18:00;41
20.09.16 19:00;35
20.09.16 20:00;28
20.09.16 21:00;26
20.09.16 22:00;25
20.09.16 23:00;24
21.09.16 00:00;24
21.09.16 01:00;24
21.09.16 02:00;24
21.09.16 03:00;25
21.09.16 04:00;36
21.09.16 05:00;48
21.09.16 06:00;49
21.09.16 07:00;44
21.09.16 08:00;39
21.09.16 09:00;36
21.09.16 10:00;32
21.09.16 11:00;31
21.09.16 12:00;30
21.09.16 13:00;32
21.09.16 14:00;35
21.09.16 15:00;42
21.09.16 16:00;45;;
21.09.16 17:00;48
21.09.16 18:00;43
21.09.16 19:00;37
21.09.16 20:00;28
21.09.16 21:00;27
21.09.16 22:00;25
21.09.16 23:00;25
22.09.16 00:00;24
22.09.16 01:00;24
22.09.16 02:00;24
22.09.16 03:00;26
22.09.16 04:00;38
22.09.16 05:00;43
22.09.16 06:00;42
22.09.16 07:00;35
22.09.16 08:00;28
22.09.16 09:00;27
22.09.16 10:00;27
22.09.16 11:00;27
22.09.16 12:00;27
22.09.16 13:00;28
22.09.16 14:00;31
22.09.16 15:00;39
22.09.16 16:00;43
22.09.16 17:00;49
22.09.16 18:00;45
22.09.16 19:00;38
22.09.16 20:00;29
22.09.16 21:00;26
22.09.16 22:00;25
22.09.16 23:00;25
23.09.16 00:00;24
23.09.16 01:00;24
23.09.16 02:00;25
23.09.16 03:00;26
23.09.16 04:00;36
23.09.16 05:00;43
23.09.16 06:00;43
23.09.16 07:00;38
23.09.16 08:00;33
23.09.16 09:00;28
23.09.16 10:00;27
23.09.16 11:00;27
23.09.16 12:00;26
23.09.16 13:00;27
23.09.16 14:00;27
23.09.16 15:00;31
23.09.16 16:00;35
23.09.16 17:00;41
23.09.16 18:00;39
23.09.16 19:00;30
23.09.16 20:00;27
23.09.16 21:00;26
23.09.16 22:00;26
23.09.16 23:00;24
24.09.16 00:00;24
24.09.16 01:00;25
24.09.16 02:00;24
24.09.16 03:00;24
24.09.16 04:00;27
24.09.16 05:00;31
24.09.16 06:00;34
24.09.16 07:00;34
24.09.16 08:00;29;;
24.09.16 09:00;25
24.09.16 10:00;24
24.09.16 11:00;24
24.09.16 12:00;24
24.09.16 13:00;24
24.09.16 14:00;28
24.09.16 15:00;34
24.09.16 16:00;38
24.09.16 17:00;42
24.09.16 18:00;40
24.09.16 19:00;34
24.09.16 20:00;31
24.09.16 21:00;25
24.09.16 22:00;24
24.09.16 23:00;22
25.09.16 00:00;20
25.09.16 01:00;17
25.09.16 02:00;17
25.09.16 03:00;19
25.09.16 04:00;20
25.09.16 05:00;21
25.09.16 06:00;22
25.09.16 07:00;22
25.09.16 08:00;21
25.09.16 09:00;21
25.09.16 10:00;15
25.09.16 11:00;10
25.09.16 12:00;11
25.09.16 13:00;12
25.09.16 14:00;19
25.09.16 15:00;26
25.09.16 16:00;35
25.09.16 17:00;40
25.09.16 18:00;40
25.09.16 19:00;33
25.09.16 20:00;29
25.09.16 21:00;24
25.09.16 22:00;24
25.09.16 23:00;24
26.09.16 00:00;23
26.09.16 01:00;23
26.09.16 02:00;23
26.09.16 03:00;25
26.09.16 04:00;39
26.09.16 05:00;46
26.09.16 06:00;49;;
26.09.16 07:00;46
26.09.16 08:00;39
26.09.16 09:00;37
26.09.16 10:00;34
26.09.16 11:00;33
26.09.16 12:00;32
26.09.16 13:00;35;;
26.09.16 14:00;39
26.09.16 15:00;44
26.09.16 16:00;49
26.09.16 17:00;54
26.09.16 18:00;51
26.09.16 19:00;37
26.09.16 20:00;30
26.09.16 21:00;28
26.09.16 22:00;31
26.09.16 23:00;30
27.09.16 00:00;29
27.09.16 01:00;28
27.09.16 02:00;27
27.09.16 03:00;29
27.09.16 04:00;41
27.09.16 05:00;49;;
27.09.16 06:00;50;;
27.09.16 07:00;44
27.09.16 08:00;40
27.09.16 09:00;33
27.09.16 10:00;29
27.09.16 11:00;28
27.09.16 12:00;27
27.09.16 13:00;28
27.09.16 14:00;29
27.09.16 15:00;38
27.09.16 16:00;45
27.09.16 17:00;48
27.09.16 18:00;41
27.09.16 19:00;29
27.09.16 20:00;27
27.09.16 21:00;24
27.09.16 22:00;24
27.09.16 23:00;21
28.09.16 00:00;16
28.09.16 01:00;14
28.09.16 02:00;14
28.09.16 03:00;19
28.09.16 04:00;28
28.09.16 05:00;37
28.09.16 06:00;38
28.09.16 07:00;32
28.09.16 08:00;26;;
28.09.16 09:00;23
28.09.16 10:00;19
28.09.16 11:00;12
28.09.16 12:00;12
28.09.16 13:00;16
28.09.16 14:00;22
28.09.16 15:00;26
28.09.16 16:00;33
28.09.16 17:00;39
28.09.16 18:00;34
28.09.16 19:00;28
28.09.16 20:00;24
28.09.16 21:00;22
28.09.16 22:00;19
28.09.16 23:00;16
29.09.16 00:00;18
29.09.16 01:00;14
29.09.16 02:00;14
29.09.16 03:00;21
29.09.16 04:00;28
29.09.16 05:00;37
29.09.16 06:00;37
29.09.16 07:00;28
29.09.16 08:00;23
29.09.16 09:00;21
29.09.16 10:00;15
29.09.16 11:00;12
29.09.16 12:00;11
29.09.16 13:00;12
29.09.16 14:00;14
29.09.16 15:00;24
29.09.16 16:00;29
29.09.16 17:00;37
29.09.16 18:00;32
29.09.16 19:00;25
29.09.16 20:00;22
29.09.16 21:00;16
29.09.16 22:00;23
29.09.16 23:00;23
30.09.16 00:00;23
30.09.16 01:00;23
30.09.16 02:00;24
30.09.16 03:00;25
30.09.16 04:00;39
30.09.16 05:00;49
30.09.16 06:00;49
30.09.16 07:00;43
30.09.16 08:00;39
30.09.16 09:00;39
30.09.16 10:00;37
30.09.16 11:00;29
30.09.16 12:00;29
30.09.16 13:00;31
30.09.16 14:00;31
30.09.16 15:00;31
30.09.16 16:00;37
30.09.16 17:00;42
30.09.16 18:00;38
30.09.16 19:00;31
30.09.16 20:00;30
30.09.16 21:00;28
30.09.16 22:00;29
30.09.16 23:00;31
01.10.16 00:00;26;;
01.10.16 01:00;29
01.10.16 02:00;25
01.10.16 03:00;29
01.10.16 04:00;32
01.10.16 05:00;31
01.10.16 06:00;38
01.10.16 07:00;38
01.10.16 08:00;39
01.10.16 09:00;39
01.10.16 10:00;34
01.10.16 11:00;30
01.10.16 12:00;29
01.10.16 13:00;29
01.10.16 14:00;29
01.10.16 15:00;34
01.10.16 16:00;39
01.10.16 17:00;45
01.10.16 18:00;40
01.10.16 19:00;30
01.10.16 20:00;28
01.10.16 21:00;32
01.10.16 22:00;32
01.10.16 23:00;27
02.10.16 00:00;26
02.10.16 01:00;25
02.10.16 02:00;24
02.10.16 03:00;25
02.10.16 04:00;25
02.10.16 05:00;26
02.10.16 06:00;29
02.10.16 07:00;30
02.10.16 08:00;29
02.10.16 09:00;32
02.10.16 10:00;29
02.10.16 11:00;26
02.10.16 12:00;25
02.10.16 13:00;24
02.10.16 14:00;25
02.10.16 15:00;31
02.10.16 16:00;41
02.10.16 17:00;49
02.10.16 18:00;42
02.10.16 19:00;34
02.10.16 20:00;29
02.10.16 21:00;25
02.10.16 22:00;30
02.10.16 23:00;26
03.10.16 00:00;25
03.10.16 01:00;24
03.10.16 02:00;24
03.10.16 03:00;25
03.10.16 04:00;36
03.10.16 05:00;40
03.10.16 06:00;38
03.10.16 07:00;39
03.10.16 08:00;32
03.10.16 09:00;33
03.10.16 10:00;26
03.10.16 11:00;25
03.10.16 12:00;24
03.10.16 13:00;29
03.10.16 14:00;31
03.10.16 15:00;33
03.10.16 16:00;37
03.10.16 17:00;37
03.10.16 18:00;32
03.10.16 19:00;28
03.10.16 20:00;25
03.10.16 21:00;24
03.10.16 22:00;25
03.10.16 23:00;25
04.10.16 00:00;24
04.10.16 01:00;22
04.10.16 02:00;23
04.10.16 03:00;25
04.10.16 04:00;30
04.10.16 05:00;37
04.10.16 06:00;40
04.10.16 07:00;36
04.10.16 08:00;32
04.10.16 09:00;28
04.10.16 10:00;31
04.10.16 11:00;32
04.10.16 12:00;31
04.10.16 13:00;31
04.10.16 14:00;30
04.10.16 15:00;35
04.10.16 16:00;37
04.10.16 17:00;39
04.10.16 18:00;30
04.10.16 19:00;26
04.10.16 20:00;24
04.10.16 21:00;24
04.10.16 22:00;25
04.10.16 23:00;23
05.10.16 00:00;22
05.10.16 01:00;22
05.10.16 02:00;22
05.10.16 03:00;24
05.10.16 04:00;31
05.10.16 05:00;42
05.10.16 06:00;41
05.10.16 07:00;30
05.10.16 08:00;27
05.10.16 09:00;27
05.10.16 10:00;26
05.10.16 11:00;26
05.10.16 12:00;28
05.10.16 13:00;28
05.10.16 14:00;29
05.10.16 15:00;35;;
05.10.16 16:00;42
05.10.16 17:00;41
05.10.16 18:00;33
05.10.16 19:00;27
05.10.16 20:00;26
05.10.16 21:00;25
05.10.16 22:00;13
05.10.16 23:00;17
06.10.16 00:00;16
06.10.16 01:00;12
06.10.16 02:00;19
06.10.16 03:00;24
06.10.16 04:00;27
06.10.16 05:00;33
06.10.16 06:00;32
06.10.16 07:00;36
06.10.16 08:00;36
06.10.16 09:00;36
06.10.16 10:00;36
06.10.16 11:00;36
06.10.16 12:00;34
06.10.16 13:00;34
06.10.16 14:00;33
06.10.16 15:00;42
06.10.16 16:00;42
06.10.16 17:00;49
06.10.16 18:00;40
06.10.16 19:00;34
06.10.16 20:00;30
06.10.16 21:00;28
06.10.16 22:00;28
06.10.16 23:00;26
07.10.16 00:00;26
07.10.16 01:00;27
07.10.16 02:00;27
07.10.16 03:00;29
07.10.16 04:00;42
07.10.16 05:00;42;;
07.10.16 06:00;45
07.10.16 07:00;45
07.10.16 08:00;46
07.10.16 09:00;52
07.10.16 10:00;53
07.10.16 11:00;47
07.10.16 12:00;44
07.10.16 13:00;42
07.10.16 14:00;41
07.10.16 15:00;38
07.10.16 16:00;41
07.10.16 17:00;42
07.10.16 18:00;33
07.10.16 19:00;30
07.10.16 20:00;31
07.10.16 21:00;32
07.10.16 22:00;31
07.10.16 23:00;28
08.10.16 00:00;29
08.10.16 01:00;29
08.10.16 02:00;29
08.10.16 03:00;29
08.10.16 04:00;31
08.10.16 05:00;33
08.10.16 06:00;40
08.10.16 07:00;43
08.10.16 08:00;44
08.10.16 09:00;42
08.10.16 10:00;33
08.10.16 11:00;32
08.10.16 12:00;33
08.10.16 13:00;32
08.10.16 14:00;37
08.10.16 15:00;42
08.10.16 16:00;46;;
08.10.16 17:00;52
08.10.16 18:00;42
08.10.16 19:00;35;;
08.10.16 20:00;32
08.10.16 21:00;31
08.10.16 22:00;28
08.10.16 23:00;28
09.10.16 00:00;29
09.10.16 01:00;28
09.10.16 02:00;28
09.10.16 03:00;28
09.10.16 04:00;28
09.10.16 05:00;29
09.10.16 06:00;31
09.10.16 07:00;33
09.10.16 08:00;33
09.10.16 09:00;34
09.10.16 10:00;32
09.10.16 11:00;28
09.10.16 12:00;28
09.10.16 13:00;28
09.10.16 14:00;28
09.10.16 15:00;32
09.10.16 16:00;41
09.10.16 17:00;50
09.10.16 18:00;45
09.10.16 19:00;43
09.10.16 20:00;42
09.10.16 21:00;34
09.10.16 22:00;29
09.10.16 23:00;31
10.10.16 00:00;33
10.10.16 01:00;30
10.10.16 02:00;30
10.10.16 03:00;31
10.10.16 04:00;48
10.10.16 05:00;69
10.10.16 06:00;75;;
10.10.16 07:00;70
10.10.16 08:00;60
10.10.16 09:00;55
10.10.16 10:00;51
10.10.16 11:00;53
10.10.16 12:00;52
10.10.16 13:00;51
10.10.16 14:00;55;;
10.10.16 15:00;57
10.10.16 16:00;69
10.10.16 17:00;81
10.10.16 18:00;57
10.10.16 19:00;43
10.10.16 20:00;33
10.10.16 21:00;30
10.10.16 22:00;32
10.10.16 23:00;30
11.10.16 00:00;29
11.10.16 01:00;29
11.10.16 02:00;30
11.10.16 03:00;31
11.10.16 04:00;36
11.10.16 05:00;45
11.10.16 06:00;49
11.10.16 07:00;49
11.10.16 08:00;47
11.10.16 09:00;45
11.10.16 10:00;40
11.10.16 11:00;39
11.10.16 12:00;37
11.10.16 13:00;39
11.10.16 14:00;39
11.10.16 15:00;42
11.10.16 16:00;44
11.10.16 17:00;44
11.10.16 18:00;35
11.10.16 19:00;34
11.10.16 20:00;33
11.10.16 21:00;30
11.10.16 22:00;28
11.10.16 23:00;27
12.10.16 00:00;28
12.10.16 01:00;28
12.10.16 02:00;28
12.10.16 03:00;29
12.10.16 04:00;32
12.10.16 05:00;45
12.10.16 06:00;46
12.10.16 07:00;45
12.10.16 08:00;41
12.10.16 09:00;44
12.10.16 10:00;40
12.10.16 11:00;36
12.10.16 12:00;34
12.10.16 13:00;33
12.10.16 14:00;37
12.10.16 15:00;44
12.10.16 16:00;45
12.10.16 17:00;47
12.10.16 18:00;38
12.10.16 19:00;33
12.10.16 20:00;33
12.10.16 21:00;30
12.10.16 22:00;28
12.10.16 23:00;28
13.10.16 00:00;28
13.10.16 01:00;28
13.10.16 02:00;28
13.10.16 03:00;28
13.10.16 04:00;36
13.10.16 05:00;47
13.10.16 06:00;49
13.10.16 07:00;44
13.10.16 08:00;40
13.10.16 09:00;37
13.10.16 10:00;31
13.10.16 11:00;31
13.10.16 12:00;30
13.10.16 13:00;32
13.10.16 14:00;31
13.10.16 15:00;38
13.10.16 16:00;42
13.10.16 17:00;39
13.10.16 18:00;30
13.10.16 19:00;28
13.10.16 20:00;28
13.10.16 21:00;27
13.10.16 22:00;20
13.10.16 23:00;20
14.10.16 00:00;14
14.10.16 01:00;20
14.10.16 02:00;21
14.10.16 03:00;25
14.10.16 04:00;30
14.10.16 05:00;40
14.10.16 06:00;40
14.10.16 07:00;40
14.10.16 08:00;34
14.10.16 09:00;29
14.10.16 10:00;28
14.10.16 11:00;28
14.10.16 12:00;28
14.10.16 13:00;30
14.10.16 14:00;29;;
14.10.16 15:00;37
14.10.16 16:00;38
14.10.16 17:00;38
14.10.16 18:00;32
14.10.16 19:00;29
14.10.16 20:00;28
14.10.16 21:00;28
14.10.16 22:00;15
14.10.16 23:00;13
15.10.16 00:00;13
15.10.16 01:00;13
15.10.16 02:00;17
15.10.16 03:00;15
15.10.16 04:00;15
15.10.16 05:00;27
15.10.16 06:00;30
15.10.16 07:00;31
15.10.16 08:00;31
15.10.16 09:00;33
15.10.16 10:00;31
15.10.16 11:00;31
15.10.16 12:00;32
15.10.16 13:00;36
15.10.16 14:00;38
15.10.16 15:00;42
15.10.16 16:00;49
15.10.16 17:00;57
15.10.16 18:00;48
15.10.16 19:00;44
15.10.16 20:00;40
15.10.16 21:00;32
15.10.16 22:00;33
15.10.16 23:00;31
16.10.16 00:00;31
16.10.16 01:00;30
16.10.16 02:00;30
16.10.16 03:00;30
16.10.16 04:00;30
16.10.16 05:00;31
16.10.16 06:00;36
16.10.16 07:00;38
16.10.16 08:00;37
16.10.16 09:00;34
16.10.16 10:00;33
16.10.16 11:00;31
16.10.16 12:00;30
16.10.16 13:00;30
16.10.16 14:00;31
16.10.16 15:00;36
16.10.16 16:00;45
16.10.16 17:00;48
16.10.16 18:00;34
16.10.16 19:00;31
16.10.16 20:00;30
16.10.16 21:00;28
16.10.16 22:00;30
16.10.16 23:00;29
17.10.16 00:00;29
17.10.16 01:00;28
17.10.16 02:00;28
17.10.16 03:00;30
17.10.16 04:00;41
17.10.16 05:00;45
17.10.16 06:00;48
17.10.16 07:00;46
17.10.16 08:00;46
17.10.16 09:00;46
17.10.16 10:00;41
17.10.16 11:00;45
17.10.16 12:00;48
17.10.16 13:00;52
17.10.16 14:00;53
17.10.16 15:00;50
17.10.16 16:00;55
17.10.16 17:00;56
17.10.16 18:00;46
17.10.16 19:00;35
17.10.16 20:00;36
17.10.16 21:00;32
17.10.16 22:00;31
17.10.16 23:00;30
18.10.16 00:00;30
18.10.16 01:00;30
18.10.16 02:00;31
18.10.16 03:00;32
18.10.16 04:00;41
18.10.16 05:00;51
18.10.16 06:00;54
18.10.16 07:00;51
18.10.16 08:00;50
18.10.16 09:00;50
18.10.16 10:00;46
18.10.16 11:00;41
18.10.16 12:00;35
18.10.16 13:00;35
18.10.16 14:00;36
18.10.16 15:00;44
18.10.16 16:00;48
18.10.16 17:00;47
18.10.16 18:00;37
18.10.16 19:00;34
18.10.16 20:00;32
18.10.16 21:00;30
18.10.16 22:00;30
18.10.16 23:00;28
19.10.16 00:00;28
19.10.16 01:00;29
19.10.16 02:00;30
19.10.16 03:00;30
19.10.16 04:00;36
19.10.16 05:00;47
19.10.16 06:00;48
19.10.16 07:00;48
19.10.16 08:00;49
19.10.16 09:00;49
19.10.16 10:00;47
19.10.16 11:00;45
19.10.16 12:00;42
19.10.16 13:00;41
19.10.16 14:00;42
19.10.16 15:00;48
19.10.16 16:00;48
19.10.16 17:00;49;;
19.10.16 18:00;44
19.10.16 19:00;35
19.10.16 20:00;34
19.10.16 21:00;31
19.10.16 22:00;30
19.10.16 23:00;29
20.10.16 00:00;29
20.10.16 01:00;30
20.10.16 02:00;30
20.10.16 03:00;30
20.10.16 04:00;35
20.10.16 05:00;41
20.10.16 06:00;46
20.10.16 07:00;47
20.10.16 08:00;47
20.10.16 09:00;47
20.10.16 10:00;44
20.10.16 11:00;44
20.10.16 12:00;42
20.10.16 13:00;43
20.10.16 14:00;44
20.10.16 15:00;48
20.10.16 16:00;48
20.10.16 17:00;56
20.10.16 18:00;46
20.10.16 19:00;36
20.10.16 20:00;34
20.10.16 21:00;32
20.10.16 22:00;32
20.10.16 23:00;31
21.10.16 00:00;31
21.10.16 01:00;31
21.10.16 02:00;32
21.10.16 03:00;32
21.10.16 04:00;35
21.10.16 05:00;46
21.10.16 06:00;48
21.10.16 07:00;48
21.10.16 08:00;48
21.10.16 09:00;47
21.10.16 10:00;46
21.10.16 11:00;41
21.10.16 12:00;38
21.10.16 13:00;37
21.10.16 14:00;37
21.10.16 15:00;42
21.10.16 16:00;46
21.10.16 17:00;45
21.10.16 18:00;39
21.10.16 19:00;36
21.10.16 20:00;34
21.10.16 21:00;33
21.10.16 22:00;38
21.10.16 23:00;34
22.10.16 00:00;33
22.10.16 01:00;34
22.10.16 02:00;35
22.10.16 03:00;35
22.10.16 04:00;34
22.10.16 05:00;36
22.10.16 06:00;35
22.10.16 07:00;38
22.10.16 08:00;37
22.10.16 09:00;37
22.10.16 10:00;39
22.10.16 11:00;35
22.10.16 12:00;34
22.10.16 13:00;34
22.10.16 14:00;35
22.10.16 15:00;46
22.10.16 16:00;49
22.10.16 17:00;49
22.10.16 18:00;44
22.10.16 19:00;35
22.10.16 20:00;34
22.10.16 21:00;34
22.10.16 22:00;33
22.10.16 23:00;32
23.10.16 00:00;32
23.10.16 01:00;31
23.10.16 02:00;32
23.10.16 03:00;31
23.10.16 04:00;32
23.10.16 05:00;33
23.10.16 06:00;33
23.10.16 07:00;35
23.10.16 08:00;34
23.10.16 09:00;33
23.10.16 10:00;32
23.10.16 11:00;32
23.10.16 12:00;31
23.10.16 13:00;32
23.10.16 14:00;34
23.10.16 15:00;37
23.10.16 16:00;42
23.10.16 17:00;47
23.10.16 18:00;39
23.10.16 19:00;36
23.10.16 20:00;34
23.10.16 21:00;33
23.10.16 22:00;31
23.10.16 23:00;31
24.10.16 00:00;31
24.10.16 01:00;30
24.10.16 02:00;31
24.10.16 03:00;31
24.10.16 04:00;43
24.10.16 05:00;49
24.10.16 06:00;49
24.10.16 07:00;49
24.10.16 08:00;49
24.10.16 09:00;49
24.10.16 10:00;49
24.10.16 11:00;46
24.10.16 12:00;44
24.10.16 13:00;46
24.10.16 14:00;46
24.10.16 15:00;48
24.10.16 16:00;48
24.10.16 17:00;48
24.10.16 18:00;42
24.10.16 19:00;36
24.10.16 20:00;35
24.10.16 21:00;33
24.10.16 22:00;35
24.10.16 23:00;34
25.10.16 00:00;34
25.10.16 01:00;35
25.10.16 02:00;34
25.10.16 03:00;37
25.10.16 04:00;43
25.10.16 05:00;68
25.10.16 06:00;68
25.10.16 07:00;67
25.10.16 08:00;73
25.10.16 09:00;74
25.10.16 10:00;67
25.10.16 11:00;66
25.10.16 12:00;57
25.10.16 13:00;56
25.10.16 14:00;56;;
25.10.16 15:00;67
25.10.16 16:00;67
25.10.16 17:00;60
25.10.16 18:00;51
25.10.16 19:00;39
25.10.16 20:00;37
25.10.16 21:00;34
25.10.16 22:00;35
25.10.16 23:00;34
26.10.16 00:00;34
26.10.16 01:00;35
26.10.16 02:00;35
26.10.16 03:00;36
26.10.16 04:00;41
26.10.16 05:00;52
26.10.16 06:00;55
26.10.16 07:00;58
26.10.16 08:00;58
26.10.16 09:00;55
26.10.16 10:00;52
26.10.16 11:00;49
26.10.16 12:00;45
26.10.16 13:00;46
26.10.16 14:00;47
26.10.16 15:00;50
26.10.16 16:00;53
26.10.16 17:00;52
26.10.16 18:00;41
26.10.16 19:00;39
26.10.16 20:00;37
26.10.16 21:00;34
26.10.16 22:00;32
26.10.16 23:00;32
27.10.16 00:00;31
27.10.16 01:00;31
27.10.16 02:00;32
27.10.16 03:00;33
27.10.16 04:00;38
27.10.16 05:00;47
27.10.16 06:00;48
27.10.16 07:00;47
27.10.16 08:00;47
27.10.16 09:00;45
27.10.16 10:00;44
27.10.16 11:00;41
27.10.16 12:00;38
27.10.16 13:00;39
27.10.16 14:00;40
27.10.16 15:00;44
27.10.16 16:00;48
27.10.16 17:00;42;;
27.10.16 18:00;38
27.10.16 19:00;36
27.10.16 20:00;33
27.10.16 21:00;31
27.10.16 22:00;29
27.10.16 23:00;26
28.10.16 00:00;23
28.10.16 01:00;23
28.10.16 02:00;23
28.10.16 03:00;29
28.10.16 04:00;31
28.10.16 05:00;37
28.10.16 06:00;39
28.10.16 07:00;37
28.10.16 08:00;37
28.10.16 09:00;38
28.10.16 10:00;37
28.10.16 11:00;36
28.10.16 12:00;36
28.10.16 13:00;37
28.10.16 14:00;37
28.10.16 15:00;43
28.10.16 16:00;50
28.10.16 17:00;47
28.10.16 18:00;41
28.10.16 19:00;42
28.10.16 20:00;39
28.10.16 21:00;33
28.10.16 22:00;31
28.10.16 23:00;29
29.10.16 00:00;29
29.10.16 01:00;28
29.10.16 02:00;28
29.10.16 03:00;28
29.10.16 04:00;30
29.10.16 05:00;32
29.10.16 06:00;35
29.10.16 07:00;41
29.10.16 08:00;41
29.10.16 09:00;36
29.10.16 10:00;33
29.10.16 11:00;31
29.10.16 12:00;30
29.10.16 13:00;31
29.10.16 14:00;32
29.10.16 15:00;37
29.10.16 16:00;45
29.10.16 17:00;44
29.10.16 18:00;39
29.10.16 19:00;35
29.10.16 20:00;35
29.10.16 21:00;33
29.10.16 22:00;32
29.10.16 23:00;32
30.10.16 00:00;31
30.10.16 01:00;31
30.10.16 02:00;31
30.10.16 03:00;31
30.10.16 04:00;32
30.10.16 05:00;32
30.10.16 06:00;33
30.10.16 07:00;35
30.10.16 08:00;36
30.10.16 09:00;36
30.10.16 10:00;38
30.10.16 11:00;37
30.10.16 12:00;33
30.10.16 13:00;32
30.10.16 14:00;33
30.10.16 15:00;34
30.10.16 16:00;49
30.10.16 17:00;52
30.10.16 18:00;48
30.10.16 19:00;40
30.10.16 20:00;39;;
30.10.16 21:00;39;;
30.10.16 22:00;37
30.10.16 23:00;35
31.10.16 00:00;34
31.10.16 01:00;34
31.10.16 02:00;33
31.10.16 03:00;34
31.10.16 04:00;40
31.10.16 05:00;45
31.10.16 06:00;51
31.10.16 07:00;50
31.10.16 08:00;47
31.10.16 09:00;45
31.10.16 10:00;44;;
31.10.16 11:00;39;;
31.10.16 12:00;38
31.10.16 13:00;38
31.10.16 14:00;46
31.10.16 15:00;49
31.10.16 16:00;59
31.10.16 17:00;55
31.10.16 18:00;48
31.10.16 19:00;44
31.10.16 20:00;40
31.10.16 21:00;38
31.10.16 22:00;37
31.10.16 23:00;33
01.11.16 00:00;33
01.11.16 01:00;33
01.11.16 02:00;32
01.11.16 03:00;32
01.11.16 04:00;33
01.11.16 05:00;36
01.11.16 06:00;41
01.11.16 07:00;41
01.11.16 08:00;33
01.11.16 09:00;31
01.11.16 10:00;30
01.11.16 11:00;30
01.11.16 12:00;30
01.11.16 13:00;31
01.11.16 14:00;33
01.11.16 15:00;39
01.11.16 16:00;47
01.11.16 17:00;49
01.11.16 18:00;45
01.11.16 19:00;35
01.11.16 20:00;29
01.11.16 21:00;28
01.11.16 22:00;16
01.11.16 23:00;27
02.11.16 00:00;15
02.11.16 01:00;13
02.11.16 02:00;12
02.11.16 03:00;13
02.11.16 04:00;21
02.11.16 05:00;33
02.11.16 06:00;39
02.11.16 07:00;36
02.11.16 08:00;36
02.11.16 09:00;33
02.11.16 10:00;34
02.11.16 11:00;32
02.11.16 12:00;33
02.11.16 13:00;33
02.11.16 14:00;33
02.11.16 15:00;39
02.11.16 16:00;52
02.11.16 17:00;52
02.11.16 18:00;51
02.11.16 19:00;39
02.11.16 20:00;37
02.11.16 21:00;35
02.11.16 22:00;35
02.11.16 23:00;35
03.11.16 00:00;35
03.11.16 01:00;34
03.11.16 02:00;35
03.11.16 03:00;36
03.11.16 04:00;38
03.11.16 05:00;47
03.11.16 06:00;53
03.11.16 07:00;56
03.11.16 08:00;50
03.11.16 09:00;46
03.11.16 10:00;47
03.11.16 11:00;48;;
03.11.16 12:00;48
03.11.16 13:00;48
03.11.16 14:00;59
03.11.16 15:00;56
03.11.16 16:00;59
03.11.16 17:00;56
03.11.16 18:00;48
03.11.16 19:00;42
03.11.16 20:00;37
03.11.16 21:00;36
03.11.16 22:00;33
03.11.16 23:00;32
04.11.16 00:00;32
04.11.16 01:00;30
04.11.16 02:00;30
04.11.16 03:00;31
04.11.16 04:00;34
04.11.16 05:00;36
04.11.16 06:00;46
04.11.16 07:00;48
04.11.16 08:00;47
04.11.16 09:00;40
04.11.16 10:00;42
04.11.16 11:00;38
04.11.16 12:00;40
04.11.16 13:00;43
04.11.16 14:00;49
04.11.16 15:00;48
04.11.16 16:00;52
04.11.16 17:00;49
04.11.16 18:00;40
04.11.16 19:00;39
04.11.16 20:00;38
04.11.16 21:00;37
04.11.16 22:00;34
04.11.16 23:00;37
05.11.16 00:00;37
05.11.16 01:00;36
05.11.16 02:00;35
05.11.16 03:00;35
05.11.16 04:00;35
05.11.16 05:00;36
05.11.16 06:00;37
05.11.16 07:00;38
05.11.16 08:00;39
05.11.16 09:00;41
05.11.16 10:00;44
05.11.16 11:00;46
05.11.16 12:00;40
05.11.16 13:00;39
05.11.16 14:00;38
05.11.16 15:00;42
05.11.16 16:00;48
05.11.16 17:00;44
05.11.16 18:00;40
05.11.16 19:00;37
05.11.16 20:00;34
05.11.16 21:00;32
05.11.16 22:00;29
05.11.16 23:00;32
06.11.16 00:00;27
06.11.16 01:00;27
06.11.16 02:00;25
06.11.16 03:00;30
06.11.16 04:00;29
06.11.16 05:00;30
06.11.16 06:00;30
06.11.16 07:00;33
06.11.16 08:00;37
06.11.16 09:00;37
06.11.16 10:00;41
06.11.16 11:00;38
06.11.16 12:00;37
06.11.16 13:00;37
06.11.16 14:00;37;;
06.11.16 15:00;39
06.11.16 16:00;48
06.11.16 17:00;47
06.11.16 18:00;43
06.11.16 19:00;37
06.11.16 20:00;36;;
06.11.16 21:00;33
06.11.16 22:00;30
06.11.16 23:00;10
07.11.16 00:00;13
07.11.16 01:00;13
07.11.16 02:00;12
07.11.16 03:00;11
07.11.16 04:00;15
07.11.16 05:00;33
07.11.16 06:00;40
07.11.16 07:00;38
07.11.16 08:00;38
07.11.16 09:00;39
07.11.16 10:00;39
07.11.16 11:00;41
07.11.16 12:00;42
07.11.16 13:00;46
07.11.16 14:00;53
07.11.16 15:00;58
07.11.16 16:00;69
07.11.16 17:00;65
07.11.16 18:00;59
07.11.16 19:00;49
07.11.16 20:00;37
07.11.16 21:00;39
07.11.16 22:00;38
07.11.16 23:00;37
08.11.16 00:00;36
08.11.16 01:00;36
08.11.16 02:00;36
08.11.16 03:00;37
08.11.16 04:00;37
08.11.16 05:00;46
08.11.16 06:00;61
08.11.16 07:00;64
08.11.16 08:00;63
08.11.16 09:00;58
08.11.16 10:00;58
08.11.16 11:00;58
08.11.16 12:00;58
08.11.16 13:00;62
08.11.16 14:00;67
08.11.16 15:00;84
08.11.16 16:00;104
08.11.16 17:00;70
08.11.16 18:00;56
08.11.16 19:00;44
08.11.16 20:00;42
08.11.16 21:00;40;;
08.11.16 22:00;35
08.11.16 23:00;35
09.11.16 00:00;33
09.11.16 01:00;31
09.11.16 02:00;31
09.11.16 03:00;34
09.11.16 04:00;35
09.11.16 05:00;39
09.11.16 06:00;55
09.11.16 07:00;55
09.11.16 08:00;54
09.11.16 09:00;49
09.11.16 10:00;56
09.11.16 11:00;55
09.11.16 12:00;55
09.11.16 13:00;54
09.11.16 14:00;55
09.11.16 15:00;62
09.11.16 16:00;78
09.11.16 17:00;60
09.11.16 18:00;58
09.11.16 19:00;48
09.11.16 20:00;40
09.11.16 21:00;39
09.11.16 22:00;36
09.11.16 23:00;33
10.11.16 00:00;32
10.11.16 01:00;31
10.11.16 02:00;33
10.11.16 03:00;33
10.11.16 04:00;35;;
10.11.16 05:00;41
10.11.16 06:00;50
10.11.16 07:00;58
10.11.16 08:00;59
10.11.16 09:00;58
10.11.16 10:00;59
10.11.16 11:00;61
10.11.16 12:00;65
10.11.16 13:00;63
10.11.16 14:00;65
10.11.16 15:00;63
10.11.16 16:00;98
10.11.16 17:00;67
10.11.16 18:00;60
10.11.16 19:00;50
10.11.16 20:00;41
10.11.16 21:00;39
10.11.16 22:00;37
10.11.16 23:00;37
11.11.16 00:00;36
11.11.16 01:00;34
11.11.16 02:00;34
11.11.16 03:00;36
11.11.16 04:00;35
11.11.16 05:00;37
11.11.16 06:00;48
11.11.16 07:00;54
11.11.16 08:00;54
11.11.16 09:00;55
11.11.16 10:00;55
11.11.16 11:00;54
11.11.16 12:00;54
11.11.16 13:00;51
11.11.16 14:00;51
11.11.16 15:00;57
11.11.16 16:00;64
11.11.16 17:00;56
11.11.16 18:00;56
11.11.16 19:00;45
11.11.16 20:00;42
11.11.16 21:00;43
11.11.16 22:00;41
11.11.16 23:00;40
12.11.16 00:00;38
12.11.16 01:00;36
12.11.16 02:00;36
12.11.16 03:00;36
12.11.16 04:00;36
12.11.16 05:00;36
12.11.16 06:00;38
12.11.16 07:00;42
12.11.16 08:00;45
12.11.16 09:00;46
12.11.16 10:00;43
12.11.16 11:00;39
12.11.16 12:00;40
12.11.16 13:00;36
12.11.16 14:00;38
12.11.16 15:00;45
12.11.16 16:00;51
12.11.16 17:00;48
12.11.16 18:00;39
12.11.16 19:00;36
12.11.16 20:00;34
12.11.16 21:00;34
12.11.16 22:00;34
12.11.16 23:00;32
13.11.16 00:00;34
13.11.16 01:00;32
13.11.16 02:00;31
13.11.16 03:00;31
13.11.16 04:00;31
13.11.16 05:00;31
13.11.16 06:00;31
13.11.16 07:00;35
13.11.16 08:00;36
13.11.16 09:00;35
13.11.16 10:00;36
13.11.16 11:00;36
13.11.16 12:00;36
13.11.16 13:00;36
13.11.16 14:00;39
13.11.16 15:00;44
13.11.16 16:00;48
13.11.16 17:00;48
13.11.16 18:00;46
13.11.16 19:00;40
13.11.16 20:00;38
13.11.16 21:00;37
13.11.16 22:00;35
13.11.16 23:00;32
14.11.16 00:00;31
14.11.16 01:00;31
14.11.16 02:00;31
14.11.16 03:00;31
14.11.16 04:00;32
14.11.16 05:00;43
14.11.16 06:00;54
14.11.16 07:00;51
14.11.16 08:00;38
14.11.16 09:00;37
14.11.16 10:00;36
14.11.16 11:00;39
14.11.16 12:00;37
14.11.16 13:00;42
14.11.16 14:00;51
14.11.16 15:00;49
14.11.16 16:00;56
14.11.16 17:00;46
14.11.16 18:00;38
14.11.16 19:00;40
14.11.16 20:00;35
14.11.16 21:00;32
14.11.16 22:00;31
14.11.16 23:00;30
15.11.16 00:00;30
15.11.16 01:00;27
15.11.16 02:00;26
15.11.16 03:00;30
15.11.16 04:00;31
15.11.16 05:00;36
15.11.16 06:00;44
15.11.16 07:00;43
15.11.16 08:00;43
15.11.16 09:00;43
15.11.16 10:00;44
15.11.16 11:00;43
15.11.16 12:00;43
15.11.16 13:00;43
15.11.16 14:00;44
15.11.16 15:00;44
15.11.16 16:00;51
15.11.16 17:00;48
15.11.16 18:00;52
15.11.16 19:00;44
15.11.16 20:00;38
15.11.16 21:00;38
15.11.16 22:00;35
15.11.16 23:00;35
16.11.16 00:00;34
16.11.16 01:00;33
16.11.16 02:00;33
16.11.16 03:00;33
16.11.16 04:00;38
16.11.16 05:00;46
16.11.16 06:00;51
16.11.16 07:00;55
16.11.16 08:00;57
16.11.16 09:00;56
16.11.16 10:00;53
16.11.16 11:00;46
16.11.16 12:00;45
16.11.16 13:00;40
16.11.16 14:00;40
16.11.16 15:00;40
16.11.16 16:00;48
16.11.16 17:00;46
16.11.16 18:00;46
16.11.16 19:00;40
16.11.16 20:00;36
16.11.16 21:00;36
16.11.16 22:00;31
16.11.16 23:00;27
17.11.16 00:00;26
17.11.16 01:00;22
17.11.16 02:00;24
17.11.16 03:00;28
17.11.16 04:00;30
17.11.16 05:00;38
17.11.16 06:00;47
17.11.16 07:00;48
17.11.16 08:00;43
17.11.16 09:00;42
17.11.16 10:00;43
17.11.16 11:00;43
17.11.16 12:00;41
17.11.16 13:00;37
17.11.16 14:00;37
17.11.16 15:00;37
17.11.16 16:00;37
17.11.16 17:00;37
17.11.16 18:00;35
17.11.16 19:00;32
17.11.16 20:00;26
17.11.16 21:00;13
17.11.16 22:00;8
17.11.16 23:00;0
18.11.16 00:00;-12
18.11.16 01:00;-10;;
18.11.16 02:00;-0
18.11.16 03:00;8
18.11.16 04:00;13
18.11.16 05:00;29
18.11.16 06:00;37
18.11.16 07:00;34
18.11.16 08:00;34
18.11.16 09:00;33
18.11.16 10:00;33
18.11.16 11:00;31
18.11.16 12:00;31
18.11.16 13:00;31
18.11.16 14:00;35
18.11.16 15:00;39
18.11.16 16:00;39
18.11.16 17:00;39
18.11.16 18:00;34
18.11.16 19:00;34
18.11.16 20:00;27
18.11.16 21:00;17
18.11.16 22:00;13
18.11.16 23:00;13
19.11.16 00:00;12
19.11.16 01:00;12
19.11.16 02:00;15
19.11.16 03:00;20
19.11.16 04:00;18
19.11.16 05:00;20
19.11.16 06:00;33
19.11.16 07:00;37
19.11.16 08:00;41
19.11.16 09:00;41;;
19.11.16 10:00;40
19.11.16 11:00;39
19.11.16 12:00;36
19.11.16 13:00;36
19.11.16 14:00;39
19.11.16 15:00;46
19.11.16 16:00;46
19.11.16 17:00;42
19.11.16 18:00;39
19.11.16 19:00;33
19.11.16 20:00;33
19.11.16 21:00;32
19.11.16 22:00;22
19.11.16 23:00;13
20.11.16 00:00;13
20.11.16 01:00;14
20.11.16 02:00;13
20.11.16 03:00;13
20.11.16 04:00;5
20.11.16 05:00;1;;
20.11.16 06:00;-0
20.11.16 07:00;8
20.11.16 08:00;5
20.11.16 09:00;-0
20.11.16 10:00;-0
20.11.16 11:00;-9
20.11.16 12:00;-22
20.11.16 13:00;-30
20.11.16 14:00;-15
20.11.16 15:00;-29
20.11.16 16:00;9
20.11.16 17:00;8
20.11.16 18:00;8
20.11.16 19:00;-1
20.11.16 20:00;-3
20.11.16 21:00;3
20.11.16 22:00;-14
20.11.16 23:00;13
21.11.16 00:00;8
21.11.16 01:00;9
21.11.16 02:00;11
21.11.16 03:00;10
21.11.16 04:00;20;;
21.11.16 05:00;38
21.11.16 06:00;49
21.11.16 07:00;49
21.11.16 08:00;46
21.11.16 09:00;41
21.11.16 10:00;41
21.11.16 11:00;41
21.11.16 12:00;45
21.11.16 13:00;46
21.11.16 14:00;48;;
21.11.16 15:00;44
21.11.16 16:00;45
21.11.16 17:00;38
21.11.16 18:00;36
21.11.16 19:00;35
21.11.16 20:00;32
21.11.16 21:00;32
21.11.16 22:00;22
21.11.16 23:00;24
22.11.16 00:00;27
22.11.16 01:00;21
22.11.16 02:00;21;;
22.11.16 03:00;19
22.11.16 04:00;29
22.11.16 05:00;33
22.11.16 06:00;40
22.11.16 07:00;39
22.11.16 08:00;37
22.11.16 09:00;35
22.11.16 10:00;36
22.11.16 11:00;37;;
22.11.16 12:00;38
22.11.16 13:00;46
22.11.16 14:00;51
22.11.16 15:00;51
22.11.16 16:00;64
22.11.16 17:00;54
22.11.16 18:00;51
22.11.16 19:00;46
22.11.16 20:00;38
22.11.16 21:00;37
22.11.16 22:00;34
22.11.16 23:00;34
23.11.16 00:00;33
23.11.16 01:00;33
23.11.16 02:00;32
23.11.16 03:00;33
23.11.16 04:00;35
23.11.16 05:00;46
23.11.16 06:00;48
23.11.16 07:00;51
23.11.16 08:00;53
23.11.16 09:00;51;;
23.11.16 10:00;51
23.11.16 11:00;49
23.11.16 12:00;51
23.11.16 13:00;54
23.11.16 14:00;58
23.11.16 15:00;55
23.11.16 16:00;62;;
23.11.16 17:00;52
23.11.16 18:00;50;;
23.11.16 19:00;39
23.11.16 20:00;37
23.11.16 21:00;37
23.11.16 22:00;33
23.11.16 23:00;32
24.11.16 00:00;31
24.11.16 01:00;30
24.11.16 02:00;29
24.11.16 03:00;29
24.11.16 04:00;32
24.11.16 05:00;36
24.11.16 06:00;43
24.11.16 07:00;45
24.11.16 08:00;44
24.11.16 09:00;43
24.11.16 10:00;44
24.11.16 11:00;42
24.11.16 12:00;42
24.11.16 13:00;42
24.11.16 14:00;44
24.11.16 15:00;49
24.11.16 16:00;50
24.11.16 17:00;45
24.11.16 18:00;44
24.11.16 19:00;38
24.11.16 20:00;37
24.11.16 21:00;35
24.11.16 22:00;33
24.11.16 23:00;35
25.11.16 00:00;32
25.11.16 01:00;32
25.11.16 02:00;31
25.11.16 03:00;31
25.11.16 04:00;34
25.11.16 05:00;37
25.11.16 06:00;47
25.11.16 07:00;48
25.11.16 08:00;47
25.11.16 09:00;47
25.11.16 10:00;48
25.11.16 11:00;47
25.11.16 12:00;47
25.11.16 13:00;47
25.11.16 14:00;48
25.11.16 15:00;49
25.11.16 16:00;54
25.11.16 17:00;48
25.11.16 18:00;48
25.11.16 19:00;43
25.11.16 20:00;38
25.11.16 21:00;38
25.11.16 22:00;35
25.11.16 23:00;32
26.11.16 00:00;31
26.11.16 01:00;31
26.11.16 02:00;31
26.11.16 03:00;32
26.11.16 04:00;32
26.11.16 05:00;33
26.11.16 06:00;42
26.11.16 07:00;44
26.11.16 08:00;46
26.11.16 09:00;48
26.11.16 10:00;48
26.11.16 11:00;47
26.11.16 12:00;43
26.11.16 13:00;38
26.11.16 14:00;40
26.11.16 15:00;45
26.11.16 16:00;47
26.11.16 17:00;43
26.11.16 18:00;37
26.11.16 19:00;32
26.11.16 20:00;32
26.11.16 21:00;31
26.11.16 22:00;28
26.11.16 23:00;22
27.11.16 00:00;21
27.11.16 01:00;20
27.11.16 02:00;20
27.11.16 03:00;20
27.11.16 04:00;27;;
27.11.16 05:00;28
27.11.16 06:00;28
27.11.16 07:00;31
27.11.16 08:00;33
27.11.16 09:00;34
27.11.16 10:00;38
27.11.16 11:00;35
27.11.16 12:00;33
27.11.16 13:00;33
27.11.16 14:00;34
27.11.16 15:00;37
27.11.16 16:00;41
27.11.16 17:00;41
27.11.16 18:00;36
27.11.16 19:00;34
27.11.16 20:00;32
27.11.16 21:00;32
27.11.16 22:00;28
27.11.16 23:00;27
28.11.16 00:00;28
28.11.16 01:00;24
28.11.16 02:00;24
28.11.16 03:00;26
28.11.16 04:00;31
28.11.16 05:00;37
28.11.16 06:00;47
28.11.16 07:00;46
28.11.16 08:00;44
28.11.16 09:00;37
28.11.16 10:00;43
28.11.16 11:00;37
28.11.16 12:00;44
28.11.16 13:00;45
28.11.16 14:00;51
28.11.16 15:00;57
28.11.16 16:00;65
28.11.16 17:00;51
28.11.16 18:00;48
28.11.16 19:00;45
28.11.16 20:00;39
28.11.16 21:00;36
28.11.16 22:00;34
28.11.16 23:00;36
29.11.16 00:00;35
29.11.16 01:00;34
29.11.16 02:00;34
29.11.16 03:00;34
29.11.16 04:00;36
29.11.16 05:00;44
29.11.16 06:00;54
29.11.16 07:00;52
29.11.16 08:00;48
29.11.16 09:00;43
29.11.16 10:00;42
29.11.16 11:00;40
29.11.16 12:00;41
29.11.16 13:00;43
29.11.16 14:00;50
29.11.16 15:00;55
29.11.16 16:00;55
29.11.16 17:00;52
29.11.16 18:00;47
29.11.16 19:00;39
29.11.16 20:00;35
29.11.16 21:00;32
29.11.16 22:00;30
29.11.16 23:00;27
30.11.16 00:00;27
30.11.16 01:00;27
30.11.16 02:00;25
30.11.16 03:00;28
30.11.16 04:00;29
30.11.16 05:00;34
30.11.16 06:00;47
30.11.16 07:00;47
30.11.16 08:00;44
30.11.16 09:00;37
30.11.16 10:00;37
30.11.16 11:00;37
30.11.16 12:00;35
30.11.16 13:00;39
30.11.16 14:00;38
30.11.16 15:00;44
30.11.16 16:00;46
30.11.16 17:00;39
30.11.16 18:00;39
30.11.16 19:00;35
30.11.16 20:00;32
30.11.16 21:00;31
30.11.16 22:00;27;;
30.11.16 23:00;26
01.12.16 00:00;14
01.12.16 01:00;11
01.12.16 02:00;10
01.12.16 03:00;11
01.12.16 04:00;21
01.12.16 05:00;32
01.12.16 06:00;35
01.12.16 07:00;34
01.12.16 08:00;37
01.12.16 09:00;38
01.12.16 10:00;36
01.12.16 11:00;33
01.12.16 12:00;32
01.12.16 13:00;31
01.12.16 14:00;31
01.12.16 15:00;32
01.12.16 16:00;35
01.12.16 17:00;32
01.12.16 18:00;33
01.12.16 19:00;31
01.12.16 20:00;28
01.12.16 21:00;19
01.12.16 22:00;8
01.12.16 23:00;7
02.12.16 00:00;7
02.12.16 01:00;6
02.12.16 02:00;8
02.12.16 03:00;19
02.12.16 04:00;26
02.12.16 05:00;31
02.12.16 06:00;46
02.12.16 07:00;46
02.12.16 08:00;44
02.12.16 09:00;43
02.12.16 10:00;46
02.12.16 11:00;46
02.12.16 12:00;47
02.12.16 13:00;49
02.12.16 14:00;51
02.12.16 15:00;49
02.12.16 16:00;56
02.12.16 17:00;58
02.12.16 18:00;50
02.12.16 19:00;52
02.12.16 20:00;47
02.12.16 21:00;44
02.12.16 22:00;36
02.12.16 23:00;32
03.12.16 00:00;33
03.12.16 01:00;33
03.12.16 02:00;33
03.12.16 03:00;33
03.12.16 04:00;33
03.12.16 05:00;36
03.12.16 06:00;36;;
03.12.16 07:00;39;;
03.12.16 08:00;45
03.12.16 09:00;40
03.12.16 10:00;38
03.12.16 11:00;37
03.12.16 12:00;36
03.12.16 13:00;39
03.12.16 14:00;47
03.12.16 15:00;52;;
03.12.16 16:00;64
03.12.16 17:00;58
03.12.16 18:00;48
03.12.16 19:00;44
03.12.16 20:00;40
03.12.16 21:00;41
03.12.16 22:00;34
03.12.16 23:00;35
04.12.16 00:00;33
04.12.16 01:00;34
04.12.16 02:00;34
04.12.16 03:00;33
04.12.16 04:00;33
04.12.16 05:00;33
04.12.16 06:00;33
04.12.16 07:00;35
04.12.16 08:00;36
04.12.16 09:00;35
04.12.16 10:00;36
04.12.16 11:00;34
04.12.16 12:00;34
04.12.16 13:00;34
04.12.16 14:00;35
04.12.16 15:00;44;;
04.12.16 16:00;47
04.12.16 17:00;48
04.12.16 18:00;49
04.12.16 19:00;46
04.12.16 20:00;43
04.12.16 21:00;46
04.12.16 22:00;35
04.12.16 23:00;35
05.12.16 00:00;35
05.12.16 01:00;33
05.12.16 02:00;33
05.12.16 03:00;34
05.12.16 04:00;37
05.12.16 05:00;50
05.12.16 06:00;62
05.12.16 07:00;64
05.12.16 08:00;56
05.12.16 09:00;47
05.12.16 10:00;46
05.12.16 11:00;39
05.12.16 12:00;54
05.12.16 13:00;62
05.12.16 14:00;62
05.12.16 15:00;63
05.12.16 16:00;78
05.12.16 17:00;58
05.12.16 18:00;56
05.12.16 19:00;48
05.12.16 20:00;40
05.12.16 21:00;33
05.12.16 22:00;33
05.12.16 23:00;38
06.12.16 00:00;41
06.12.16 01:00;36
06.12.16 02:00;38
06.12.16 03:00;42
06.12.16 04:00;46
06.12.16 05:00;49
06.12.16 06:00;74
06.12.16 07:00;80
06.12.16 08:00;76;;
06.12.16 09:00;66
06.12.16 10:00;58
06.12.16 11:00;56
06.12.16 12:00;58
06.12.16 13:00;63
06.12.16 14:00;66
06.12.16 15:00;72
06.12.16 16:00;89
06.12.16 17:00;82
06.12.16 18:00;75
06.12.16 19:00;62
06.12.16 20:00;46
06.12.16 21:00;39
06.12.16 22:00;36
06.12.16 23:00;33
07.12.16 00:00;32
07.12.16 01:00;31
07.12.16 02:00;31
07.12.16 03:00;31
07.12.16 04:00;32
07.12.16 05:00;38;;
07.12.16 06:00;45
07.12.16 07:00;47
07.12.16 08:00;46
07.12.16 09:00;46
07.12.16 10:00;44
07.12.16 11:00;40;;
07.12.16 12:00;39
07.12.16 13:00;39
07.12.16 14:00;41
07.12.16 15:00;44
07.12.16 16:00;45
07.12.16 17:00;38
07.12.16 18:00;36
07.12.16 19:00;34
07.12.16 20:00;32
07.12.16 21:00;30
07.12.16 22:00;27
07.12.16 23:00;22
08.12.16 00:00;13
08.12.16 01:00;11
08.12.16 02:00;11
08.12.16 03:00;13
08.12.16 04:00;17
08.12.16 05:00;29
08.12.16 06:00;33
08.12.16 07:00;36
08.12.16 08:00;36
08.12.16 09:00;32
08.12.16 10:00;31
08.12.16 11:00;30
08.12.16 12:00;32
08.12.16 13:00;36
08.12.16 14:00;42
08.12.16 15:00;43
08.12.16 16:00;46
08.12.16 17:00;43
08.12.16 18:00;39
08.12.16 19:00;35;;
08.12.16 20:00;30
08.12.16 21:00;29
08.12.16 22:00;27
08.12.16 23:00;27
09.12.16 00:00;25
09.12.16 01:00;25
09.12.16 02:00;25
09.12.16 03:00;27
09.12.16 04:00;27
09.12.16 05:00;31
09.12.16 06:00;44
09.12.16 07:00;46
09.12.16 08:00;43
09.12.16 09:00;45
09.12.16 10:00;42
09.12.16 11:00;39
09.12.16 12:00;37
09.12.16 13:00;37
09.12.16 14:00;40
09.12.16 15:00;41
09.12.16 16:00;41
09.12.16 17:00;39
09.12.16 18:00;40
09.12.16 19:00;35;;
09.12.16 20:00;32
09.12.16 21:00;31
09.12.16 22:00;29;;
09.12.16 23:00;25
10.12.16 00:00;24
10.12.16 01:00;23
10.12.16 02:00;20
10.12.16 03:00;20
10.12.16 04:00;23
10.12.16 05:00;23
10.12.16 06:00;24
10.12.16 07:00;28
10.12.16 08:00;31
10.12.16 09:00;31
10.12.16 10:00;33
10.12.16 11:00;33;;
10.12.16 12:00;32
10.12.16 13:00;35
10.12.16 14:00;41
10.12.16 15:00;43
10.12.16 16:00;50
10.12.16 17:00;45
10.12.16 18:00;40
10.12.16 19:00;39
10.12.16 20:00;34
10.12.16 21:00;34
10.12.16 22:00;31
10.12.16 23:00;30
11.12.16 00:00;28
11.12.16 01:00;28
11.12.16 02:00;28
11.12.16 03:00;27
11.12.16 04:00;27
11.12.16 05:00;26
11.12.16 06:00;26
11.12.16 07:00;26
11.12.16 08:00;29
11.12.16 09:00;29
11.12.16 10:00;30
11.12.16 11:00;29
11.12.16 12:00;25
11.12.16 13:00;24
11.12.16 14:00;24
11.12.16 15:00;34
11.12.16 16:00;32
11.12.16 17:00;34
11.12.16 18:00;32
11.12.16 19:00;32
11.12.16 20:00;29
11.12.16 21:00;30
11.12.16 22:00;25
11.12.16 23:00;23
12.12.16 00:00;28
12.12.16 01:00;28
12.12.16 02:00;27
12.12.16 03:00;26
12.12.16 04:00;28
12.12.16 05:00;43
12.12.16 06:00;57
12.12.16 07:00;47
12.12.16 08:00;50
12.12.16 09:00;52
12.12.16 10:00;59
12.12.16 11:00;53
12.12.16 12:00;63
12.12.16 13:00;63
12.12.16 14:00;56
12.12.16 15:00;70
12.12.16 16:00;80
12.12.16 17:00;65
12.12.16 18:00;57
12.12.16 19:00;46
12.12.16 20:00;37
12.12.16 21:00;35
12.12.16 22:00;33
12.12.16 23:00;35
13.12.16 00:00;33
13.12.16 01:00;33
13.12.16 02:00;33
13.12.16 03:00;34
13.12.16 04:00;32
13.12.16 05:00;47
13.12.16 06:00;49
13.12.16 07:00;54
13.12.16 08:00;58
13.12.16 09:00;62
13.12.16 10:00;60
13.12.16 11:00;58;;
13.12.16 12:00;59
13.12.16 13:00;59
13.12.16 14:00;61
13.12.16 15:00;63
13.12.16 16:00;70
13.12.16 17:00;60
13.12.16 18:00;57
13.12.16 19:00;45
13.12.16 20:00;40
13.12.16 21:00;37
13.12.16 22:00;32
13.12.16 23:00;33
14.12.16 00:00;33
14.12.16 01:00;33;;
14.12.16 02:00;32
14.12.16 03:00;32
14.12.16 04:00;36
14.12.16 05:00;49
14.12.16 06:00;75
14.12.16 07:00;82
14.12.16 08:00;78
14.12.16 09:00;77
14.12.16 10:00;75
14.12.16 11:00;70
14.12.16 12:00;69
14.12.16 13:00;69
14.12.16 14:00;72
14.12.16 15:00;75
14.12.16 16:00;91
14.12.16 17:00;79
14.12.16 18:00;78
14.12.16 19:00;67
14.12.16 20:00;47
14.12.16 21:00;41
14.12.16 22:00;35
14.12.16 23:00;35
15.12.16 00:00;33
15.12.16 01:00;34
15.12.16 02:00;33
15.12.16 03:00;34
15.12.16 04:00;35
15.12.16 05:00;49
15.12.16 06:00;67
15.12.16 07:00;67
15.12.16 08:00;62
15.12.16 09:00;59
15.12.16 10:00;57
15.12.16 11:00;53
15.12.16 12:00;54
15.12.16 13:00;55;;
15.12.16 14:00;60
15.12.16 15:00;62
15.12.16 16:00;70
15.12.16 17:00;58
15.12.16 18:00;54
15.12.16 19:00;45
15.12.16 20:00;40;;
15.12.16 21:00;37
15.12.16 22:00;33
15.12.16 23:00;34
16.12.16 00:00;33
16.12.16 01:00;32;;
16.12.16 02:00;31
16.12.16 03:00;33
16.12.16 04:00;35
16.12.16 05:00;46
16.12.16 06:00;58
16.12.16 07:00;62
16.12.16 08:00;59
16.12.16 09:00;59
16.12.16 10:00;59
16.12.16 11:00;56
16.12.16 12:00;57
16.12.16 13:00;64
16.12.16 14:00;65
16.12.16 15:00;69
16.12.16 16:00;80
16.12.16 17:00;68;;
16.12.16 18:00;71
16.12.16 19:00;63
16.12.16 20:00;48
16.12.16 21:00;42
16.12.16 22:00;37
16.12.16 23:00;42
17.12.16 00:00;39
17.12.16 01:00;38
17.12.16 02:00;38
17.12.16 03:00;39
17.12.16 04:00;39
17.12.16 05:00;36;;
17.12.16 06:00;39
17.12.16 07:00;47
17.12.16 08:00;54
17.12.16 09:00;54
17.12.16 10:00;54
17.12.16 11:00;50
17.12.16 12:00;47
17.12.16 13:00;49
17.12.16 14:00;50
17.12.16 15:00;54
17.12.16 16:00;61
17.12.16 17:00;63
17.12.16 18:00;54
17.12.16 19:00;46
17.12.16 20:00;40
17.12.16 21:00;40
17.12.16 22:00;39
17.12.16 23:00;35
18.12.16 00:00;35
18.12.16 01:00;33
18.12.16 02:00;34
18.12.16 03:00;33
18.12.16 04:00;33
18.12.16 05:00;34
18.12.16 06:00;38
18.12.16 07:00;36
18.12.16 08:00;44
18.12.16 09:00;45
18.12.16 10:00;52
18.12.16 11:00;52;;
18.12.16 12:00;49
18.12.16 13:00;45
18.12.16 14:00;47
18.12.16 15:00;49
18.12.16 16:00;54
18.12.16 17:00;53
18.12.16 18:00;50
18.12.16 19:00;49
18.12.16 20:00;45
18.12.16 21:00;47
18.12.16 22:00;42
18.12.16 23:00;39
19.12.16 00:00;39
19.12.16 01:00;39
19.12.16 02:00;38
19.12.16 03:00;39
19.12.16 04:00;39
19.12.16 05:00;54
19.12.16 06:00;66
19.12.16 07:00;65
19.12.16 08:00;75
19.12.16 09:00;74
19.12.16 10:00;72
19.12.16 11:00;70
19.12.16 12:00;71
19.12.16 13:00;70
19.12.16 14:00;72
19.12.16 15:00;69
19.12.16 16:00;79
19.12.16 17:00;66;;
19.12.16 18:00;67;;
19.12.16 19:00;50
19.12.16 20:00;40
19.12.16 21:00;40
19.12.16 22:00;35
19.12.16 23:00;37
20.12.16 00:00;37
20.12.16 01:00;37
20.12.16 02:00;34
20.12.16 03:00;37;;
20.12.16 04:00;38
20.12.16 05:00;43
20.12.16 06:00;55
20.12.16 07:00;55
20.12.16 08:00;58
20.12.16 09:00;54
20.12.16 10:00;58
20.12.16 11:00;54
20.12.16 12:00;58
20.12.16 13:00;58
20.12.16 14:00;54
20.12.16 15:00;57
20.12.16 16:00;66
20.12.16 17:00;58
20.12.16 18:00;55
20.12.16 19:00;43
20.12.16 20:00;39
20.12.16 21:00;39
20.12.16 22:00;36
20.12.16 23:00;31
21.12.16 00:00;31
21.12.16 01:00;31
21.12.16 02:00;31
21.12.16 03:00;31
21.12.16 04:00;31
21.12.16 05:00;36
21.12.16 06:00;46
21.12.16 07:00;49
21.12.16 08:00;46
21.12.16 09:00;46
21.12.16 10:00;43
21.12.16 11:00;39
21.12.16 12:00;39
21.12.16 13:00;41
21.12.16 14:00;47
21.12.16 15:00;47
21.12.16 16:00;48
21.12.16 17:00;47;;
21.12.16 18:00;44
21.12.16 19:00;39
21.12.16 20:00;37
21.12.16 21:00;34
21.12.16 22:00;33
21.12.16 23:00;34
22.12.16 00:00;32
22.12.16 01:00;33
22.12.16 02:00;34
22.12.16 03:00;34
22.12.16 04:00;36
22.12.16 05:00;41
22.12.16 06:00;51
22.12.16 07:00;51
22.12.16 08:00;50
22.12.16 09:00;55
22.12.16 10:00;54
22.12.16 11:00;51
22.12.16 12:00;50
22.12.16 13:00;50
22.12.16 14:00;51
22.12.16 15:00;56
22.12.16 16:00;54
22.12.16 17:00;54
22.12.16 18:00;51;;
22.12.16 19:00;39
22.12.16 20:00;37
22.12.16 21:00;38
22.12.16 22:00;34
22.12.16 23:00;29
23.12.16 00:00;29
23.12.16 01:00;27
23.12.16 02:00;26
23.12.16 03:00;29
23.12.16 04:00;30;;
23.12.16 05:00;36
23.12.16 06:00;45
23.12.16 07:00;50
23.12.16 08:00;51
23.12.16 09:00;50
23.12.16 10:00;48
23.12.16 11:00;45
23.12.16 12:00;45
23.12.16 13:00;44
23.12.16 14:00;44
23.12.16 15:00;46
23.12.16 16:00;48
23.12.16 17:00;40
23.12.16 18:00;38
23.12.16 19:00;36
23.12.16 20:00;33;;
23.12.16 21:00;27
23.12.16 22:00;7
23.12.16 23:00;10
24.12.16 00:00;3
24.12.16 01:00;-7
24.12.16 02:00;-2
24.12.16 03:00;8
24.12.16 04:00;8
24.12.16 05:00;3
24.12.16 06:00;8
24.12.16 07:00;15
24.12.16 08:00;20
24.12.16 09:00;21;;
24.12.16 10:00;20
24.12.16 11:00;18
24.12.16 12:00;15
24.12.16 13:00;10
24.12.16 14:00;10
24.12.16 15:00;13
24.12.16 16:00;13
24.12.16 17:00;8
24.12.16 18:00;2
24.12.16 19:00;2
24.12.16 20:00;0
24.12.16 21:00;8
24.12.16 22:00;-12
24.12.16 23:00;-18
25.12.16 00:00;-36
25.12.16 01:00;-38
25.12.16 02:00;-26
25.12.16 03:00;-15
25.12.16 04:00;-12
25.12.16 05:00;-30
25.12.16 06:00;-4
25.12.16 07:00;0
25.12.16 08:00;10
25.12.16 09:00;13
25.12.16 10:00;13
25.12.16 11:00;8
25.12.16 12:00;0
25.12.16 13:00;-0
25.12.16 14:00;0
25.12.16 15:00;8
25.12.16 16:00;13
25.12.16 17:00;10
25.12.16 18:00;8
25.12.16 19:00;10
25.12.16 20:00;9
25.12.16 21:00;10
25.12.16 22:00;-2
25.12.16 23:00;0
26.12.16 00:00;-9
26.12.16 01:00;-14
26.12.16 02:00;-16
26.12.16 03:00;-15
26.12.16 04:00;-51
26.12.16 05:00;-67
26.12.16 06:00;-67
26.12.16 07:00;-54
26.12.16 08:00;-3
26.12.16 09:00;0
26.12.16 10:00;5
26.12.16 11:00;1
26.12.16 12:00;-6
26.12.16 13:00;-13
26.12.16 14:00;-6
26.12.16 15:00;-2
26.12.16 16:00;8
26.12.16 17:00;9
26.12.16 18:00;10
26.12.16 19:00;8
26.12.16 20:00;-0
26.12.16 21:00;4
26.12.16 22:00;-13
26.12.16 23:00;-13;;
27.12.16 00:00;-24
27.12.16 01:00;-49
27.12.16 02:00;-53
27.12.16 03:00;-50
27.12.16 04:00;-23
27.12.16 05:00;-12
27.12.16 06:00;8
27.12.16 07:00;13
27.12.16 08:00;12
27.12.16 09:00;10
27.12.16 10:00;10
27.12.16 11:00;10
27.12.16 12:00;13
27.12.16 13:00;13
27.12.16 14:00;21
27.12.16 15:00;29
27.12.16 16:00;29
27.12.16 17:00;29
27.12.16 18:00;29
27.12.16 19:00;31
27.12.16 20:00;28
27.12.16 21:00;27
27.12.16 22:00;13
27.12.16 23:00;21
28.12.16 00:00;21
28.12.16 01:00;22
28.12.16 02:00;20
28.12.16 03:00;23
28.12.16 04:00;28
28.12.16 05:00;30;;
28.12.16 06:00;32
28.12.16 07:00;40
28.12.16 08:00;45
28.12.16 09:00;45
28.12.16 10:00;43
28.12.16 11:00;44
28.12.16 12:00;45
28.12.16 13:00;50
28.12.16 14:00;51
28.12.16 15:00;55
28.12.16 16:00;62
28.12.16 17:00;63
28.12.16 18:00;59
28.12.16 19:00;49
28.12.16 20:00;50;;
28.12.16 21:00;45
28.12.16 22:00;37
28.12.16 23:00;42
29.12.16 00:00;39
29.12.16 01:00;36
29.12.16 02:00;34
29.12.16 03:00;34
29.12.16 04:00;37
29.12.16 05:00;41
29.12.16 06:00;49
29.12.16 07:00;53
29.12.16 08:00;54
29.12.16 09:00;51
29.12.16 10:00;50
29.12.16 11:00;47
29.12.16 12:00;46
29.12.16 13:00;49
29.12.16 14:00;51
29.12.16 15:00;54
29.12.16 16:00;63
29.12.16 17:00;57
29.12.16 18:00;54
29.12.16 19:00;47
29.12.16 20:00;42
29.12.16 21:00;38
29.12.16 22:00;36
29.12.16 23:00;36
30.12.16 00:00;35
30.12.16 01:00;32
30.12.16 02:00;32
30.12.16 03:00;33
30.12.16 04:00;33
30.12.16 05:00;33
30.12.16 06:00;46;;
30.12.16 07:00;49
30.12.16 08:00;47
30.12.16 09:00;43;;
30.12.16 10:00;37
30.12.16 11:00;36
30.12.16 12:00;36
30.12.16 13:00;47
30.12.16 14:00;52
30.12.16 15:00;54
30.12.16 16:00;56
30.12.16 17:00;52
30.12.16 18:00;52
30.12.16 19:00;43
30.12.16 20:00;41
30.12.16 21:00;40
30.12.16 22:00;33
30.12.16 23:00;36
31.12.16 00:00;33
31.12.16 01:00;29
31.12.16 02:00;27
31.12.16 03:00;27
31.12.16 04:00;27
31.12.16 05:00;21
31.12.16 06:00;31
31.12.16 07:00;35
31.12.16 08:00;41
31.12.16 09:00;39
31.12.16 10:00;39
31.12.16 11:00;38
31.12.16 12:00;35
31.12.16 13:00;37
31.12.16 14:00;43
31.12.16 15:00;49
31.12.16 16:00;53
31.12.16 17:00;49
31.12.16 18:00;40
31.12.16 19:00;35
31.12.16 20:00;33
31.12.16 21:00;33
31.12.16 22:00;27
31.12.16 23:00;20
